Genus1974,Family1974
Abeillia,Trochilidae
Abroscopus,Sylviidae
Aburria,Cracidae
Anthochaera,Meliphagidae
Acanthidops,Fringillidae
Acanthis,Fringillidae
Acanthisitta,Acanthisittidae
Acanthiza,Sylviidae
Acanthorhynchus,Meliphagidae
Acanthornis,Sylviidae
Accipiter,Accipitridae
Aceros,Bucerotidae
Acestrura,Trochilidae
Achaetops,Sylviidae
Acridotheres,Sturnidae
Acrocephalus,Sylviidae
Acrochordopus,Tyrannidae
Acropternis,Rhinocryptidae
Acryllium,Numididae
Actinodura,Timaliidae
Actitis,Scolopacidae
Actophilornis,Jacanidae
Adamaster,Procellariidae
Adelomyia,Trochilidae
Aechmolophus,Tyrannidae
Aechmophorus,Podicipedidae
Aechmorhynchus,Scolopacidae
Aegintha,Ploceidae
Aegithalos,Paridae
Aegithina,Irenidae
Aegolius,Strigidae
Aegotheles,Aegothelidae
Aegypius,Accipitridae
Aepypodius,Megapodiidae
Aeronautes,Apodidae
Aerops,Meropidae
Aethia,Alcidae
Turdoides,Timaliidae
Aethopyga,Nectariniidae
Afribyx,Charadriidae
Afropavo,Phasianidae
Afrotis,Otididae
Agamia,Ardeidae
Agapornis,Psittacidae
Agelaius,Icteridae
Agelastes,Numididae
Aglaeactis,Trochilidae
Aglaiocercus,Trochilidae
Agriocharis,Meleagrididae
Agriornis,Tyrannidae
Cercotrichas,Turdidae
Aidemosyne,Ploceidae
Ailuroedus,Ptilonorhynchidae
Aimophila,Fringillidae
Aix,Anatidae
Ajaia,Threskiornithidae
Alaemon,Alaudidae
Alario,Fringillidae
Alauda,Alaudidae
Alca,Alcidae
Alcedo,Alcedinidae
Alcippe,Timaliidae
Ceyx,Alcedinidae
Alectoris,Phasianidae
Alectroenas,Columbidae
Alectrurus,Tyrannidae
Alectura,Megapodiidae
Alethe,Turdidae
Alisterus,Psittacidae
Alle,Alcidae
Margarops,Mimidae
Allocotopterus,Pipridae
Alopochelidon,Hirundinidae
Alopochen,Anatidae
Alseonax,Muscicapidae
Amadina,Ploceidae
Amalocichla,Turdidae
Amandava,Ploceidae
Amauresthes,Ploceidae
Amaurocichla,Sylviidae
Amaurolimnas,Rallidae
Amaurornis,Rallidae
Amaurospiza,Fringillidae
Amazilia,Trochilidae
Amazona,Psittacidae
Amazonetta,Anatidae
Amblycercus,Icteridae
Amblyornis,Ptilonorhynchidae
Amblyramphus,Icteridae
Amblyospiza,Ploceidae
Ammodramus,Fringillidae
Ammomanes,Alaudidae
Ammoperdix,Phasianidae
Ammospiza,Fringillidae
Bolborhynchus,Psittacidae
Ampeliceps,Sturnidae
Ampelioides,Cotingidae
Ampelion,Cotingidae
Amphispiza,Fringillidae
Amytornis,Sylviidae
Anabacerthia,Furnariidae
Anabazenops,Furnariidae
Prionochilus,Dicaeidae
Anaplectes,Ploceidae
Anarhynchus,Charadriidae
Anas,Anatidae
Anastomus,Ciconiidae
Ancistrops,Furnariidae
Andigena,Ramphastidae
Androdon,Trochilidae
Andropadus,Pycnonotidae
Androphobus,Timaliidae
Anhima,Anhimidae
Anhinga,Anhingidae
Anodorhynchus,Psittacidae
Anomalophrys,Charadriidae
Anomalospiza,Ploceidae
Anorrhinus,Bucerotidae
Anous,Laridae
Anser,Anatidae
Anseranas,Anatidae
Anthocephala,Trochilidae
Anthornis,Meliphagidae
Anthoscopus,Paridae
Anthracocerus,Bucerotidae
Anthracothorax,Trochilidae
Anthreptes,Nectariniidae
index,NA
Anthropoides,Gruidae
Anthus,Motacillidae
Tchagra,Laniidae
Antilophia,Pipridae
Anumbius,Furnariidae
Anurolimnas,Rallidae
Anurophasis,Phasianidae
Apalis,Sylviidae
Apaloderma,Trogonidae
Apalopteron,Meliphagidae
Aphanolimnas,Rallidae
Aphanotriccus,Tyrannidae
Aphantochroa,Trochilidae
Aphelocephala,Sylviidae
Aphelocoma,Corvidae
Aphrastura,Furnariidae
Aphriza,Charadriidae
Aplonis,Sturnidae
Aplopelia,Columbidae
Aprosmictus,Psittacidae
Aptenodytes,Spheniscidae
Apteryx,Apterygidae
Apus,Apodidae
Aquila,Accipitridae
Ara,Psittacidae
Arachnothera,Nectariniidae
Aramides,Rallidae
Aramidopsis,Rallidae
Aramus,Aramidae
Aratinga,Psittacidae
Arborophila,Phasianidae
Archboldia,Ptilonorhynchidae
Archilochus,Trochilidae
Ardea,Ardeidae
Ardeola,Ardeidae
Ardeotis,Otididae
Arenaria,Charadriidae
Argusianus,Phasianidae
Arizelocichla,Pycnonotidae
Arremon,Fringillidae
Arremonops,Fringillidae
Arrenga,Turdidae
Artamella,Vangidae
Artamus,Artamidae
Artisornis,Sylviidae
Artomyias,Muscicapidae
Arundinicola,Tyrannidae
Cairina,Anatidae
Ashbyia,Sylviidae
Asio,Strigidae
Aspatha,Momotidae
Asthenes,Furnariidae
Astrapia,Paradisaeidae
Asyndesmus,Picidae
Atalotriccus,Tyrannidae
Atelornis,Coraciidae
Athene,Strigidae
Atlantisia,Rallidae
Atlapetes,Fringillidae
Atrichornis,Atrichornithidae
Attagis,Thinocoridae
Atthis,Trochilidae
Atticora,Hirundinidae
Attila,Cotingidae
Augasma,Trochilidae
Augastes,Trochilidae
Aulacorhynchus,Ramphastidae
Auriparus,Paridae
Auripasser,Ploceidae
Automolus,Furnariidae
Aviceda,Accipitridae
Avocettula,Trochilidae
Aythya,Anatidae
Babax,Timaliidae
Baeopogon,Pycnonotidae
Baillonius,Ramphastidae
Balaeniceps,Balaenicipitidae
Balearica,Gruidae
Bambusicola,Phasianidae
Bangsia,Thraupidae
Barnardius,Psittacidae
Bartramia,Scolopacidae
Baryphthengus,Momotidae
Basileuterus,Parulidae
Basilornis,Sturnidae
Batara,Formicariidae
Bathilda,Ploceidae
Bathmedonia,Sylviidae
Bathmocercus,Sylviidae
Batis,Muscicapidae
Batrachostomus,Podargidae
Berenicornis,Bucerotidae
Berlepschia,Furnariidae
Bernicla,Anatidae
Bernieria,Pycnonotidae
Bias,Muscicapidae
Biatas,Formicariidae
Biziura,Anatidae
Bleda,Pycnonotidae
Blythipicus,Picidae
Bocagia,Laniidae
Boissonneaua,Trochilidae
Bolbopsittacus,Psittacidae
Bombycilla,Bombycillidae
Bombylonax,Meropidae
Bonasa,Tetraonidae
Bostrychia,Threskiornithidae
Botaurus,Ardeidae
Botha,Alaudidae
Bowdleria,Sylviidae
Brachygalba,Galbulidae
Brachypteracias,Coraciidae
Brachypteryx,Turdidae
Brachycope,Ploceidae
Brachyramphus,Alcidae
Bradornis,Muscicapidae
Bradypterus,Sylviidae
Branta,Anatidae
Brotogeris,Psittacidae
Bubo,Strigidae
Bubulcus,Ardeidae
Bubalornis,Ploceidae
Rhodopechys,Fringillidae
Buccanodon,Capitonidae
Bucco,Bucconidae
Bucephala,Anatidae
Buceros,Bucerotidae
Bucorvus,Bucerotidae
Bugeranus,Gruidae
Bulweria,Procellariidae
Buphagus,Sturnidae
Burhinus,Burhinidae
Prinia,Sylviidae
Busarellus,Accipitridae
Butastur,Accipitridae
Buteogallus,Accipitridae
Buthraupis,Thraupidae
Butorides,Ardeidae
Treron,Columbidae
Bycanistes,Bucerotidae
Cacatua,Psittacidae
Cacicus,Icteridae
Cacomantis,Cuculidae
Calamanthus,Sylviidae
Calamocichla,Sylviidae
Calamoector,Sylviidae
Calamonastes,Sylviidae
Calamonastides,Sylviidae
Calamospiza,Fringillidae
Calandrella,Alaudidae
Calcarius,Fringillidae
Calendula,Alaudidae
Nycticorax,Ardeidae
Calicalicus,Vangidae
Calidris,Scolopacidae
Caliechthrus,Cuculidae
Callacanthis,Fringillidae
Callaeas,Callaeidae
Callichelidon,Hirundinidae
Calliphax,Trochilidae
Calliphlox,Trochilidae
Callipepla,Phasianidae
Callocephalon,Psittacidae
Calocitta,Corvidae
Calochaetes,Thraupidae
Caloenas,Columbidae
Puffinus,Procellariidae
Calorhamphus,Capitonidae
Caloperdix,Phasianidae
Calothorax,Trochilidae
Calypte,Trochilidae
Calyptocichla,Pycnonotidae
Calyptomena,Eurylaimidae
Calyptophilus,Thraupidae
Calyptorhynchus,Psittacidae
Calyptura,Cotingidae
Camarhynchus,Fringillidae
Camaroptera,Sylviidae
Campephaga,Campephagidae
Campephilus,Picidae
Campethera,Picidae
Camphochaera,Campephagidae
Camptostoma,Tyrannidae
Campylopterus,Trochilidae
Campylorhamphus,Dendrocolaptidae
Campylorhynchus,Troglodytidae
Canachites,Tetraonidae
Canirallus,Rallidae
Capella,Scolopacidae
Capito,Capitonidae
Caprimulgus,Caprimulgidae
Capsiempis,Tyrannidae
Cardellina,Parulidae
Cardinalis,Fringillidae
Carduelis,Fringillidae
Cariama,Cariamidae
Threskiornis,Threskiornithidae
Carpococcyx,Cuculidae
Carpodacus,Fringillidae
Carpodectes,Cotingidae
Carpornis,Cotingidae
Carpospiza,Ploceidae
Caryothraustes,Fringillidae
Tadorna,Anatidae
Casiornis,Cotingidae
Casmerodius,Ardeidae
Cassiculus,Icteridae
Cassidix,Icteridae
Spizaetus,Accipitridae
Casuarius,Casuariidae
Catamblyrhynchus,Catamblyrhynchidae
Catamenia,Fringillidae
Cataponera,Turdidae
Catharacta,Stercorariidae
Catharopeza,Parulidae
Cathartes,Cathartidae
Catharus,Turdidae
Catherpes,Troglodytidae
Catoptrophorus,Scolopacidae
Catreus,Phasianidae
Hirundo,Hirundinidae
Celeus,Picidae
Cephalopterus,Cotingidae
Cephalopyrus,Paridae
Cepphus,Alcidae
Centrocercus,Tetraonidae
Centropelma,Podicipedidae
Centropus,Cuculidae
Centurus,Picidae
Ceratogymna,Bucerotidae
Ceratotriccus,Tyrannidae
Cercibis,Threskiornithidae
Cercococcyx,Cuculidae
Cercomacra,Formicariidae
Cercomela,Turdidae
Cereopsis,Anatidae
Cerorhinca,Alcidae
Certhia,Certhidae
Certhiaxis,Furnariidae
Certhidea,Fringillidae
Certhilauda,Alaudidae
Certhionyx,Meliphagidae
Ceryle,Alcedinidae
Cettia,Sylviidae
Ceuthmochares,Cuculidae
Chaetocercus,Trochilidae
Chaetops,Turdidae
Chaetorhynchus,Dicruridae
Chaetura,Apodidae
Thamnolaea,Turdidae
Chalcites,Cuculidae
Nectarinia,Nectariniidae
Chalcophaps,Columbidae
Chalcopsitta,Psittacidae
Chalcostigma,Trochilidae
Chalcurus,Phasianidae
Chalybura,Trochilidae
Chamaea,Chamaeidae
Geothlypis,Parulidae
Chamaeza,Formicariidae
Charadrius,Charadriidae
Charitospiza,Fringillidae
Charmosyna,Psittacidae
Chasiempis,Muscicapidae
Chauna,Anhimidae
Chaunonotus,Laniidae
Chelictinia,Accipitridae
Chelidoptera,Bucconidae
Chen,Anatidae
Cygnus,Anatidae
Chenonetta,Anatidae
Chenorhamphus,Sylviidae
Cheramoeca,Hirundinidae
Chersophilus,Alaudidae
Vanellus,Charadriidae
Chilia,Furnariidae
Chionis,Chionididae
Chirocylla,Cotingidae
Chiroxiphia,Pipridae
Chlamydera,Ptilonorhynchidae
Chlamydochaera,Campephagidae
Chlamydotis,Otididae
Chlidonias,Laridae
Chloebia,Ploceidae
Chloephaga,Anatidae
Chlorestes,Trochilidae
Chloroceryle,Alcedinidae
Chlorocharis,Zosteropidae
Chlorochrysa,Thraupidae
Chlorocichla,Pycnonotidae
Chloropeta,Muscicapidae
Chloropetella,Muscicapidae
Chlorophanes,Coerebidae
Chlorophoneus,Laniidae
Chlorophonia,Thraupidae
Chloropipo,Pipridae
Chloropsis,Irenidae
Chlorornis,Thraupidae
Chlorospingus,Thraupidae
Chlorostilbon,Trochilidae
Chlorothraupis,Thraupidae
Chlorura,Fringillidae
Chondestes,Fringillidae
Chondrohierax,Accipitridae
Chordeiles,Caprimulgidae
Choriotis,Otididae
Chrysococcyx,Cuculidae
Chrysocolaptes,Picidae
Ptilinopus,Columbidae
Chrysolampis,Trochilidae
Chrysolophus,Phasianidae
Chrysomma,Timaliidae
Chrysoptilus,Picidae
Chrysothlypis,Thraupidae
Chrysuronia,Trochilidae
Chthonicola,Sylviidae
Chubbia,NA
Chunga,Cariamidae
Ciccaba,Strigidae
Cichladusa,Turdidae
Cichlauda,Turdidae
Cichlherminia,Turdidae
Cichlocolaptes,Furnariidae
Cichlornis,Sylviidae
Cicinnurus,Paradisaeidae
Ciconia,Ciconiidae
Cinclidium,Turdidae
Cinclocerthia,Mimidae
Cinclodes,Furnariidae
Cinclorhamphus,Sylviidae
Cinclosoma,Timaliidae
Cinclus,Cinclidae
Cinnycerthia,Troglodytidae
Cinnyricinclus,Sturnidae
Circaetus,Accipitridae
Circus,Accipitridae
Cissa,Corvidae
Cissilopha,Corvidae
Myzomela,Meliphagidae
Cissopis,Thraupidae
Cisticola,Sylviidae
Cistothorus,Troglodytidae
Cittura,Alcedinidae
Cladorhynchus,Recurvirostridae
Clamator,Cuculidae
Clangula,Anatidae
Claravis,Columbidae
Cleptornis,Meliphagidae
Clibanornis,Furnariidae
Climacteris,Neosittidae
Clypicterus,Icteridae
Clytoceyx,Alcedinidae
Clytoctantes,Formicariidae
Clytolaema,Trochilidae
Clytorhynchus,Muscicapidae
Clytospiza,Ploceidae
Cnemophilus,Paradisaeidae
Cnemoscopus,Thraupidae
Cnemotriccus,Tyrannidae
Cnipodectes,Tyrannidae
Coccopygia,Ploceidae
Coccothraustes,Fringillidae
Lamprotornis,Sturnidae
Coccyzus,Cuculidae
Cochlearius,Cochleariidae
Cochoa,Turdidae
Coeligena,Trochilidae
Coenocorypha,Scolopacidae
Coereba,Coerebidae
Colaptes,Picidae
Colibri,Trochilidae
Colonia,Tyrannidae
Colinus,Phasianidae
Colius,Coliidae
Coliuspasser,Ploceidae
Collocalia,Apodidae
Colluricincla,Muscicapidae
Colopteryx,Tyrannidae
Colorhamphus,Tyrannidae
Columba,Columbidae
Columbina,Columbidae
Compospiza,Fringillidae
Conirostrum,Coerebidae
Conopias,Tyrannidae
Conopoderas,Sylviidae
Conopophaga,Conopophagidae
Conopophila,Meliphagidae
Conostoma,Paradoxornithidae
Conothraupis,Thraupidae
Contopus,Tyrannidae
Copsychus,Turdidae
Coracias,Coraciidae
Coracina,Campephagidae
Coracopsis,Psittacidae
Coragyps,Cathartidae
Corapipo,Pipridae
Corcorax,Grallinidae
Corvinella,Laniidae
Corvus,Corvidae
Corydon,Eurylaimidae
Coryphaspiza,Fringillidae
Coryphistera,Furnariidae
Reinwardtoena,Columbidae
Coryphospingus,Fringillidae
Corythaeola,Musophagidae
Corythornis,Alcedinidae
Corythopis,Conopophagidae
Coscoroba,Anatidae
Cosmopsarus,Sturnidae
Cossypha,Turdidae
Cotinga,Cotingidae
Coturnicops,Rallidae
Coturnix,Phasianidae
Coua,Cuculidae
Cracticus,Cracticidae
Cranioleuca,Furnariidae
Crax,Cracidae
Philesturnus,Callaeidae
Creagrus,Laridae
Creatophora,Sturnidae
Crex,Rallidae
Creurgops,Thraupidae
Cyornis,Muscicapidae
Crinifer,Musophagidae
Cyphorhinus,Troglodytidae
Criniger,Pycnonotidae
Cypseloides,Apodidae
Diuca,Fringillidae
Cypsiurus,Apodidae
Dives,Icteridae
Serinus,Fringillidae
Cypsnagra,Thraupidae
Dolichonyx,Icteridae
Cyrtonyx,Phasianidae
Doliornis,Cotingidae
Dolospingus,Fringillidae
Crocias,Timaliidae
Dacelo,Alcedinidae
Crossoptilon,Phasianidae
Dacnis,Coerebidae
Lorius,Psittacidae
Crotophaga,Cuculidae
Dactylortyx,Phasianidae
Donacobius,Mimidae
Crypsirina,Corvidae
Damophila,Trochilidae
Donacospiza,Fringillidae
Cryptophaps,Columbidae
Daphoenositta,Neosittidae
Dontospiza,Ploceidae
Daption,Procellariidae
Doricha,Trochilidae
Perdicula,Phasianidae
Daptrius,Falconidae
Doryfera,Trochilidae
Cryptospiza,Ploceidae
Drepanoptila,Columbidae
Crypturellus,Tinamidae
Phaenicophaeus,Cuculidae
Drepanoplectes,Ploceidae
Cuculus,Cuculidae
Dasyornis,Sylviidae
Drepanornis,Paradisaeidae
Culicicapa,Muscicapidae
Deconychura,Dendrocolaptidae
Dromaeocercus,Sylviidae
Culicivora,Tyrannidae
Delichon,Hirundinidae
Dromas,Dromadidae
Curaeus,Icteridae
Deltarhynchus,Tyrannidae
Dromaius,Dromaiidae
Cursorius,Glareolidae
Demigretta,Ardeidae
Dromococcyx,Cuculidae
Cutia,Timaliidae
Dendragapus,Tetraonidae
Drymocichla,Sylviidae
Cyanerpes,Coerebidae
Dendrexetastes,Dendrocolaptidae
Drymodes,Turdidae
Cyanicterus,Thraupidae
Dendrocincla,Dendrocolaptidae
Drymophila,Formicariidae
Cyanochen,Anatidae
Dendrocitta,Corvidae
Drymornis,Dendrocolaptidae
Cyanocitta,Corvidae
Dendrocolaptes,Dendrocolaptidae
Cyanocompsa,Fringillidae
Dendrocopos,Picidae
Cyanocorax,Corvidae
Dendrocygna,Anatidae
Dryocopus,Picidae
Dendroica,Parulidae
Dryolimnas,Rallidae
Dendronanthus,Motacillidae
Cyanolanius,Vangidae
Garrulax,Timaliidae
Cyanolimnas,Rallidae
Dryoscopus,Laniidae
Cyanoliseus,Psittacidae
Dryotriorchis,Accipitridae
Cyanoloxia,Fringillidae
Dubusia,Thraupidae
Cyanolyca,Corvidae
Deroptyus,Psittacidae
Ducula,Columbidae
Dulus,Dulidae
Dumetella,Mimidae
Cyanophaia,Trochilidae
Dumetia,Timaliidae
Cyanopica,Corvidae
Lophura,Phasianidae
Dupetor,Ardeidae
Cyanopsitta,Psittacidae
Dicaeum,Dicaeidae
Dyaphorophyia,Muscicapidae
Cyanoptila,Muscicapidae
Dichromanassa,Ardeidae
Dysithamnus,Formicariidae
Cyanoramphus,Psittacidae
Dichrozona,Formicariidae
Dicrocercus,Meropidae
Eclectus,Psittacidae
Erithacus,Turdidae
Dicrurus,Dicruridae
Edithornis,Rallidae
Cyclarhis,Cyclarhidae
Didunculus,Columbidae
Cyclorrhynchus,Alcidae
Diglossa,Coerebidae
Dinemellia,Ploceidae
Egretta,Ardeidae
Dinopium,Picidae
Elaenia,Tyrannidae
Diomedea,Diomedeidae
Elanoides,Accipitridae
Cymbilaimus,Formicariidae
Dioptrornis,Muscicapidae
Electron,Momotidae
Cymbirhynchus,Eurylaimidae
Diphyllodes,Paradisaeidae
Eleothreptus,Caprimulgidae
Cynanthus,Trochilidae
Discosura,Trochilidae
Elminia,Muscicapidae
Elvira,Trochilidae
Embernagra,Fringillidae
Emberiza,Fringillidae
Emberizoides,Fringillidae
Emblema,Ploceidae
Eminia,Sylviidae
Empidonax,Tyrannidae
Empidonomus,Tyrannidae
Empidornis,Muscicapidae
Endomychura,Alcidae
Enicognathus,Psittacidae
Enicurus,Turdidae
Enodes,Sturnidae
Ensifera,Trochilidae
Entomodestes,Turdidae
Entomyzon,Meliphagidae
Entotriccus,Tyrannidae
Eophona,Fringillidae
Eopsaltria,Muscicapidae
Eos,Psittacidae
Ephippiorhynchus,Ciconiidae
Epimachus,Paradisaeidae
Epthianura,Sylviidae
Pterocles,Pteroclidae
Eremiornis,Sylviidae
Eremomela,Sylviidae
Eremobius,Furnariidae
Eremophila,Alaudidae
Eremopterix,Alaudidae
Ergaticus,Parulidae
Eriocnemis,Trochilidae
Erythrocercus,Muscicapidae
Erythrocnus,Ardeidae
Erythropygia,Turdidae
Erythrothlypis,Thraupidae
Erythrotriorchis,Accipitridae
Erythrura,Ploceidae
Esacus,Burhinidae
Estrilda,Ploceidae
Eubucco,Capitonidae
Eucometis,Thraupidae
Eudocimus,Threskiornithidae
Eudromias,Charadriidae
Eudromia,Tinamidae
Eudynamys,Cuculidae
Eudyptes,Spheniscidae
Eudyptula,Spheniscidae
Eugenes,Trochilidae
Eugerygone,Sylviidae
Eugralla,Rhinocryptidae
Eulabeornis,Rallidae
Eulacestoma,Muscicapidae
Eulampis,Trochilidae
Eulidia,Trochilidae
Eulipoa,Megapodiidae
Eumomota,Momotidae
Euneornis,Coerebidae
Eunymphicus,Psittacidae
Euodice,Ploceidae
Euphagus,Icteridae
Eupetes,Timaliidae
Eupetomena,Trochilidae
Eupherusa,Trochilidae
Euphonia,Thraupidae
Euplectes,Ploceidae
Eupodotis,Otididae
Euptilotis,Trogonidae
Pycnonotus,Pycnonotidae
Eurocephalus,Laniidae
Eurostopodus,Caprimulgidae
Euryceros,Vangidae
Eurylaimus,Eurylaimidae
Eurynorhynchus,Scolopacidae
Eurypyga,Eurypygidae
Eurystomus,Coraciidae
Euscarthmus,Tyrannidae
Euschistospiza,Ploceidae
Euthlypis,Parulidae
Eutoxeres,Trochilidae
Eutriorchis,Accipitridae
Euxenura,Ciconiidae
Excalfactoria,NA
Lanius,Laniidae
Falcipennis,Tetraonidae
Falco,Falconidae
Falculea,Vangidae
Falcunculus,Muscicapidae
Ferminia,Troglodytidae
Ficedula,Muscicapidae
Finschia,Sylviidae
Florida,Ardeidae
Florisuga,Trochilidae
Fluvicola,Tyrannidae
Formicarius,Formicariidae
Formicivora,Formicariidae
Forpus,Psittacidae
Foudia,Ploceidae
Foulehaio,Meliphagidae
Francolinus,Phasianidae
Fraseria,Muscicapidae
Fratercula,Alcidae
Frederickena,Formicariidae
Fregata,Fregatidae
Fregetta,Hydrobatidae
Fringilla,Fringillidae
Fringillaria,Fringillidae
Fulica,Rallidae
Fulmarus,Procellariidae
Furnarius,Furnariidae
Gabianus,Laridae
Galbalcyrhynchus,Galbulidae
Galbula,Galbulidae
Galerida,Alaudidae
Gallicolumba,Columbidae
Gallicrex,Rallidae
Gallinula,Rallidae
Gallirallus,Rallidae
Gallirex,Musophagidae
Galloperdix,Phasianidae
Gallus,Phasianidae
Gampsonyx,Accipitridae
Gampsorhynchus,Timaliidae
Pomatostomus,Timaliidae
Garrodia,Hydrobatidae
Garrulus,Corvidae
Gavia,Gaviidae
Gecinulus,Picidae
Gelochelidon,Laridae
Geobates,Furnariidae
Geococcyx,Cuculidae
Geocolaptes,Picidae
Geoffroyus,Psittacidae
Geokichla,Turdidae
Geomalia,Turdidae
Geopelia,Columbidae
Geophaps,Columbidae
Geopsittacus,Psittacidae
Geositta,Furnariidae
Geospiza,Fringillidae
Geotrygon,Columbidae
Geranoaetus,Accipitridae
Geranospiza,Accipitridae
Geronticus,Threskiornithidae
Gerygone,Sylviidae
Glareola,Glareolidae
Glaucidium,Strigidae
Glaucis,Trochilidae
Gliciphila,Meliphagidae
Glossopsitta,Psittacidae
Glycichaera,Meliphagidae
Glyphorynchus,Dendrocolaptidae
Gnorimopsar,Icteridae
Goethalsia,Trochilidae
Goldmania,Trochilidae
Gorsachius,Ardeidae
Goura,Columbidae
Gracula,Sturnidae
Grafisia,Sturnidae
Grallaria,Formicariidae
Grallaricula,Formicariidae
Grallina,Grallinidae
Graminicola,Sylviidae
Granatellus,Parulidae
Granatina,Ploceidae
Grandala,Turdidae
Grantiella,Meliphagidae
Graueria,Sylviidae
Graydidascalus,Psittacidae
Grus,Gruidae
Meliphaga,Meliphagidae
Gubernatrix,Fringillidae
Gubernetes,Tyrannidae
Guira,Cuculidae
Guiraca,Fringillidae
Guttera,Numididae
Gyalophylax,Furnariidae
Gygis,Laridae
Gymnobucco,Capitonidae
Gymnocichla,Formicariidae
Gymnocrex,Rallidae
Gymnoderus,Cotingidae
Gymnogenys,Accipitridae
Otus,Strigidae
Gymnogyps,Cathartidae
Gymnomyza,Meliphagidae
Gymnomystax,Icteridae
Gymnophaps,Columbidae
Gymnopithys,Formicariidae
Gymnorhina,Cracticidae
Gymnorhinus,Corvidae
Gymnostinops,Icteridae
Gypaetus,Accipitridae
Gypohierax,Accipitridae
Gypopsitta,Psittacidae
Gyps,Accipitridae
Habia,Thraupidae
Habropteryx,Rallidae
Haematoderus,Cotingidae
Haematopus,Haematopodidae
Haematortyx,Phasianidae
Haematospiza,Fringillidae
Hagedashia,Threskiornithidae
Halcyon,Alcedinidae
Haliaeetus,Accipitridae
Haliastur,Accipitridae
Phalacrocorax,Phalacrocoracidae
Halobaena,Procellariidae
Halocyptena,Hydrobatidae
Hamirostra,Accipitridae
Hapalopsittaca,Psittacidae
Hapaloptila,Bucconidae
Haplophaedia,Trochilidae
Haplospiza,Fringillidae
Harpactes,Trogonidae
Harpagus,Accipitridae
Harpia,Accipitridae
Harpiprion,Threskiornithidae
Harpyhaliaetus,Accipitridae
Harpyopsis,Accipitridae
Hartertula,Timaliidae
Hartlaubius,Sturnidae
Heleia,Zosteropidae
Heliactin,Trochilidae
Heliangelus,Trochilidae
Helicolestes,Accipitridae
Heliobletus,Furnariidae
Tyto,Tytonidae
Heliodoxa,Trochilidae
Heliolais,Sylviidae
Heliomaster,Trochilidae
Heliopais,Heliornithidae
Heliornis,Heliornithidae
Heliothryx,Trochilidae
Helmitheros,Parulidae
Hemerodromus,Glareolidae
Hemicercus,Picidae
Hemignathus,Drepanididae
Hemiparra,Charadriidae
Hemiphaga,Columbidae
Hemiprocne,Hemiprocnidae
Hemispingus,Thraupidae
Hemipus,Campephagidae
Hemitesia,Sylviidae
Hemithraupis,Thraupidae
Hemitriccus,Tyrannidae
Henicopernis,Accipitridae
Henicophaps,Columbidae
Henicorhina,Troglodytidae
Herpetotheres,Falconidae
Herpsilochmus,Formicariidae
Hesperiphona,Fringillidae
Heteralocha,Callaeidae
Hetereomunia,Ploceidae
Heterhyphantes,Ploceidae
Heterocercus,Pipridae
Tigrisoma,Ardeidae
Mirafra,Alaudidae
Heteromyias,Muscicapidae
Heteronetta,Anatidae
Heterophasia,Timaliidae
Heteroscelus,Scolopacidae
Heterospingus,Thraupidae
Heterospizias,Accipitridae
Heterotrogon,Trogonidae
Hieraaetus,Accipitridae
Himantopus,Recurvirostridae
Himantornis,Rallidae
Himatione,Drepanididae
Hippolais,Sylviidae
Hirundapus,Apodidae
Hirundinea,Tyrannidae
Histrionicus,Anatidae
Histriophaps,Columbidae
Histurgops,Ploceidae
Hodgsonius,Turdidae
Hoplopterus,Charadriidae
Horizorhinus,Muscicapidae
Hydranassa,Ardeidae
Hydrobates,Hydrobatidae
Hydrophasianus,Jacanidae
Hydroprogne,Laridae
Hydropsalis,Caprimulgidae
Hyetornis,Cuculidae
Hylacola,Sylviidae
Hylexetastes,Dendrocolaptidae
Hylia,Hyliadae
Hyliota,Muscicapidae
Hylocharis,Trochilidae
Hylochelidon,Hirundinidae
Hylorchilus,Troglodytidae
Hylocitrea,Muscicapidae
Hylocryptus,Furnariidae
Hyloctistes,Furnariidae
Hylomanes,Momotidae
Hylonympha,Trochilidae
Hylophilus,Vireonidae
Hylophylax,Formicariidae
Hymenolaimus,Anatidae
Hymenops,Tyrannidae
Hypargos,Ploceidae
Hypergerus,Sylviidae
Hyphanturgus,Ploceidae
Hypnelus,Bucconidae
Hypochera,Ploceidae
Hypocnemoides,Formicariidae
Hypocolius,Hypocolidae
Hypocryptadius,Zosteropidae
Hypoedaleus,Formicariidae
Hypogramma,Nectariniidae
Hypopyrrhus,Icteridae
Hypositta,Hyposittidae
Hypothymis,Muscicapidae
Hypsipetes,Pycnonotidae
Ibidorhyncha,Recurvirostridae
Ibis,Ciconiidae
Ichthyophaga,Accipitridae
Icteria,Parulidae
Icterus,Icteridae
Ictinaetus,Accipitridae
Ictinia,Accipitridae
Idiopsar,Fringillidae
Idioptilon,Tyrannidae
Ifrita,Timaliidae
Ilicura,Pipridae
II,NA
Trichastoma,Timaliidae
Incana,Sylviidae
Incaspiza,Fringillidae
Indicator,Indicatoridae
Inezia,Tyrannidae
lodopleura,Cotingidae
Irania,Turdidae
Jacana,Jacanidae
Irena,Irenidae
Iridophanes,Coerebidae
Iridoprocne,Hirundinidae
Iridosornis,Thraupidae
Ispidina,Alcedinidae
Ithaginis,Phasianidae
Ixobrychus,Ardeidae
Ixocincla,Pycnonotidae
Ixoreus,Turdidae
Jabiru,Ciconiidae
Jabouilleia,Timaliidae
Jacamaralcyon,Galbulidae
Jacamerops,Galbulidae
Lophostrix,Strigidae
Junco,Fringillidae
Jynx,Jyngidae
Kalochelidon,Hirundinidae
Kaupifalco,Accipitridae
Kenopia,Timaliidae
Ketupa,Strigidae
Klais,Trochilidae
Knipolegus,Tyrannidae
Kupeornis,Timaliidae
Lacedo,Alcedinidae
Lafresnaya,Trochilidae
Lagonosticta,Ploceidae
Lagopus,Tetraonidae
Lalage,Campephagidae
Lampornis,Trochilidae
Lampribis,Threskiornithidae
Lamprolaima,Trochilidae
Lamprolia,Muscicapidae
Lampropsar,Icteridae
Lamprospiza,Thraupidae
Laniarius,Laniidae
Laniisoma,Cotingidae
Lanio,Thraupidae
Laniocera,Cotingidae
Lanioturdus,Laniidae
Larosterna,Laridae
Larus,Laridae
Laterallus,Rallidae
Lathamus,Psittacidae
Latoucheornis,Fringillidae
Petrochelidon,Hirundinidae
Legatus,Tyrannidae
Leiothrix,Timaliidae
Leipoa,Megapodiidae
Leistes,Icteridae
Leonardina,Timaliidae
Lepidocolaptes,Dendrocolaptidae
Lepidopyga,Trochilidae
Leptasthenura,Furnariidae
Leptodon,Accipitridae
Leptopoecile,Sylviidae
Leptopogon,Tyrannidae
Leptopterus,Vangidae
Leptoptilos,Ciconiidae
Leptosittaca,Psittacidae
Leptosomus,Leptosomatidae
Leptotila,Columbidae
Leptotriccus,Tyrannidae
Lerwa,Phasianidae
Lesbia,Trochilidae
Lessonia,Tyrannidae
Leucippus,Trochilidae
Leucochloris,Trochilidae
Leuconerpes,Picidae
Leucopeza,Parulidae
Leucophaeus,Laridae
Leucopsar,Sturnidae
Leucopternis,Accipitridae
Leucosarcia,Columbidae
Leucosticte,Fringillidae
Leucotreron,Columbidae
Lichmera,Meliphagidae
Limicola,Scolopacidae
Limnocorax,Rallidae
Limnoctites,Furnariidae
Limnothlypis,Parulidae
Limosa,Scolopacidae
Linurgus,Fringillidae
Liocichla,Timaliidae
Lioptilornis,Timaliidae
Lioptilus,Timaliidae
Liosceles,Rhinocryptidae
Lipaugus,Cotingidae
Lissotis,Otididae
Lobibyx,Charadriidae
Lobipes,Phalaropodidae
Lobipluvia,Charadriidae
Loboparadisea,Paradisaeidae
Lochmias,Furnariidae
Locustella,Sylviidae
Loddigesia,Trochilidae
Lonchura,Ploceidae
Lophaetus,Accipitridae
Tockus,Bucerotidae
Lophodytes,Anatidae
Lophoictinia,Accipitridae
Lopholaimus,Columbidae
Lophonetta,Anatidae
Lophophaps,Columbidae
Lophophorus,Phasianidae
Lophorina,Paradisaeidae
Lophornis,Trochilidae
Lophortyx,Phasianidae
Lophospingus,Fringillidae
Lophotibis,Threskiornithidae
Lophotis,Otididae
Lophotriccus,Tyrannidae
Lophozosterops,Zosteropidae
Loria,Paradisaeidae
Loriculus,Psittacidae
Loxia,Fringillidae
Loxigilla,Fringillidae
Psittirostra,Drepanididae
Loxipasser,Fringillidae
Loxops,Drepanididae
Lullula,Alaudidae
Lunda,Alcidae
Lurocalis,Caprimulgidae
Lusciniola,Sylviidae
Lybius,Capitonidae
Lycocorax,Paradisaeidae
Lymnocryptes,Scolopacidae
Lyrurus,Tetraonidae
Lysurus,Fringillidae
Macgregoria,Paradisaeidae
Machaerhamphus,Accipitridae
Machaerirhynchus,Muscicapidae
Machaeropterus,Pipridae
Machetornis,Tyrannidae
Mackenziaena,Formicariidae
Macroagelaius,Icteridae
Macrocephalon,Megapodiidae
Macrodipteryx,Caprimulgidae
Macronectes,Procellariidae
Macronous,Timaliidae
Macronyx,Motacillidae
Macropsalis,Caprimulgidae
Macropygia,Columbidae
Macrosphenus,Sylviidae
Madanga,Zosteropidae
Malaconotus,Laniidae
Malacopteron,Timaliidae
Malacoptila,Bucconidae
Malacorhynchus,Anatidae
Malia,Timaliidae
Malimbus,Ploceidae
Malurus,Sylviidae
Manacus,Pipridae
Mandingoa,Ploceidae
Manorina,Meliphagidae
Manucodia,Paradisaeidae
Margaroperdix,Phasianidae
Margarornis,Furnariidae
Masius,Pipridae
Mecocerculus,Tyrannidae
Megabyas,Muscicapidae
Megaceryle,NA
Megacrex,Rallidae
Megadyptes,Spheniscidae
Megalaima,Capitonidae
Megaloprepia,Columbidae
Megalurulus,Sylviidae
Megalurus,Sylviidae
Megapodius,Megapodiidae
Megarhynchus,Tyrannidae
Megastictus,Formicariidae
Megatriorchis,Accipitridae
Megaxenops,Furnariidae
Meiglyptes,Picidae
Melaenornis,Muscicapidae
Melampitta,Timaliidae
Melanerpes,Picidae
Parus,Paridae
Melanitta,Anatidae
Melanocharis,Dicaeidae
Melanochlora,Paridae
Melanocorypha,Alaudidae
Melanodera,Fringillidae
Petroica,Muscicapidae
Melanopareia,Rhinocryptidae
Melanoperdix,Phasianidae
Melanophoyx,Ardeidae
Melanoploceus,Ploceidae
Melanopteryx,Ploceidae
Melanoptila,Mimidae
Melanospiza,Fringillidae
Melanotis,Mimidae
Melanotrochilus,Trochilidae
Meleagris,Meleagrididae
Meliarchus,Meliphagidae
Melichneutes,Indicatoridae
Melidectes,Meliphagidae
Melidora,Alcedinidae
Melierax,Accipitridae
Melignomon,Indicatoridae
Melilestes,Meliphagidae
Melipotes,Meliphagidae
Melithreptus,Meliphagidae
Melittophagus,Meropidae
Mellisuga,Trochilidae
Melocichla,Sylviidae
Melophus,Fringillidae
Melopsittacus,Psittacidae
Melopyrrha,Fringillidae
Melospiza,Fringillidae
Melozone,Fringillidae
Menura,Menuridae
Merganetta,Anatidae
Mergellus,Anatidae
Mergus,Anatidae
Meropogon,Meropidae
Merops,Meropidae
Platycichla,Turdidae
Merulaxis,Rhinocryptidae
Mesembrinibis,Threskiornithidae
Mesoenas,Mesoenatidae
Mesopicos,Picidae
Metabolus,Muscicapidae
Metallura,Trochilidae
Netta,Anatidae
Metopidius,Jacanidae
Metopothrix,Furnariidae
Metriopelia,Columbidae
Micrastur,Falconidae
Micrathene,Strigidae
Microbates,Sylviidae
Microcerculus,Troglodytidae
Microchera,Trochilidae
Microcochlearius,Tyrannidae
Mycrodynamis,Cuculidae
Microeca,Muscicapidae
Microgoura,Columbidae
Microhierax,Falconidae
Microligea,Parulidae
Micromacronus,Timaliidae
Micromonacha,Bucconidae
Micropalama,Scolopacidae
Micropanyptila,Apodidae
Microparra,Jacanidae
Micropsitta,Psittacidae
Micropternus,Picidae
Micropygia,Rallidae
Microrhopias,Formicariidae
Microstilbon,Trochilidae
Milvago,Falconidae
Milvus,Accipitridae
Turdus,Turdidae
Mimodes,Mimidae
Mimus,Mimidae
Minla,Timaliidae
Mino,Sturnidae
Mionectes,Tyrannidae
Mitrephanes,Tyrannidae
Mitrospingus,Thraupidae
Mniotilta,Parulidae
Modulatrix,Turdidae
Moho,Meliphagidae
Mohoua,Sylviidae
Molothrus,Icteridae
Momotus,Momotidae
Monachella,Muscicapidae
Monarcha,Muscicapidae
Monasa,Bucconidae
Monticola,Turdidae
Montifringilla,Ploceidae
Morococcyx,Cuculidae
Morphnus,Accipitridae
Morus,Sulidae
Motacilla,Motacillidae
Moupinia,Timaliidae
Mulleripicus,Picidae
Muscicapa,Muscicapidae
Muscicapelli,Muscicapidae
Muscigralla,Tyrannidae
Muscipipra,Tyrannidae
Muscisaxicola,Tyrannidae
Muscivora,Tyrannidae
Musophaga,Musophagidae
Myadestes,Turdidae
Mycteria,Ciconiidae
Myiagra,Muscicapidae
Myiarchus,Tyrannidae
Myiobius,Tyrannidae
Myioborus,Parulidae
Myioceyx,Alcedinidae
Myiodynastes,Tyrannidae
Myiolestes,NA
Myiopagis,Tyrannidae
Myioparus,Muscicapidae
Myiopsitta,Psittacidae
Myiornis,Tyrannidae
Myiotheretes,Tyrannidae
Myiotriccus,Tyrannidae
Myiozetetes,Tyrannidae
Myophonus,Turdidae
Myopornis,Muscicapidae
Myornis,Rhinocryptidae
Myospiza,Fringillidae
Myrmeciza,Formicariidae
Myrmecocichla,Turdidae
Myrmia,Trochilidae
Myrmoborus,Formicariidae
Myrmochanes,Formicariidae
Myrmorchilus,Formicariidae
Myrmornis,Formicariidae
Myrmothera,Formicariidae
Myrmotherula,Formicariidae
Myrtis,Trochilidae
Mystacornis,Timaliidae
Myza,Meliphagidae
Myzantha,Meliphagidae
Myzornis,Timaliidae
Namibornis,Muscicapidae
Nandayus,Psittacidae
Nannopsittaca,Psittacidae
Nannopterum,Phalacrocoracidae
Napothera,Timaliidae
Nasica,Dendrocolaptidae
Necrosyrtes,Accipitridae
Neiothraupis,Thraupidae
Neisna,Ploceidae
Ploceus,Ploceidae
Nemosia,Thraupidae
Neochelidon,Hirundinidae
Neochen,Anatidae
Neochloe,Vireonidae
Neochmia,Ploceidae
Neocichla,Sturnidae
Neocossyphus,Turdidae
Neocrex,Rallidae
Neoctantes,Formicariidae
Neodrepanis,Philepittidae
Polihierax,Falconidae
Neolestes,Pycnonotidae
Neomixis,Timaliidae
Neomorphus,Cuculidae
Neopelma,Pipridae
Neophema,Psittacidae
Neophron,Accipitridae
Neopipo,Pipridae
Neopsittacus,Psittacidae
Neositta,Neosittidae
Neospiza,Fringillidae
Neotis,Otididae
Neoxolmis,Tyrannidae
Nesasio,Strigidae
Nesillas,Sylviidae
Nesocharis,Ploceidae
Nesocichla,Turdidae
Nesoclopeus,Rallidae
Nesoctites,Picidae
Nesofregetta,Hydrobatidae
Nesomimus,Mimidae
Nesonetta,NA
Nesopelia,Columbidae
Nesophylax,Rallidae
Nesopsar,Icteridae
Nesospingus,Thraupidae
Nesospiza,Fringillidae
Nesotriccus,Tyrannidae
Nestor,Psittacidae
Nettapus,Anatidae
Newtonia,Muscicapidae
Nicator,Laniidae
Nigrita,Ploceidae
Nilaus,Laniidae
Niltalva,Muscicapidae
Ninox,Strigidae
Nipponia,Threskiornithidae
Nonnula,Bucconidae
Psephotus,Psittacidae
Notharchus,Bucconidae
Nothocercus,Tinamidae
Nothocrax,Cracidae
Nothoprocta,Tinamidae
Nothura,Tinamidae
Notiochelidon,Hirundinidae
Notiomystis,Meliphagidae
Notiospiza,Ploceidae
Notornis,Rallidae
Nucifraga,Corvidae
Numenius,Scolopacidae
Numida,Numididae
Nuttallornis,Tyrannidae
Nyctanassa,Ardeidae
Nyctea,Strigidae
Nyctibius,Nyctibiidae
Nycticryphes,Rostratulidae
Nyctidromus,Caprimulgidae
Nyctiphrynus,Caprimulgidae
Nyctiprogne,Caprimulgidae
Nyctyornis,Meropidae
Nymphicus,Psittacidae
Nystalus,Bucconidae
Oceanites,Hydrobatidae
Oceanodroma,Hydrobatidae
Upucerthia,Furnariidae
Ochthoeca,Tyrannidae
Ochthornis,Tyrannidae
Ocreatus,Trochilidae
Oculocincta,Zosteropidae
Ocyalus,Icteridae
Ocyphaps,Columbidae
Odontophorus,Phasianidae
Odontorchilus,Troglodytidae
Toxorhamphus,Meliphagidae
Oena,Columbidae
Oenanthe,Turdidae
Ognorhynchus,Psittacidae
Tesia,Sylviidae
Oncostoma,Tyrannidae
Onychognathus,Sturnidae
Onychorhynchus,Tyrannidae
Ophrysia,Phasianidae
Opisthocomus,Opisthocomidae
Opisthoprora,Trochilidae
Opopsitta,Psittacidae
Oporornis,Parulidae
Oroaetus,Accipitridae
Orchesticus,Thraupidae
Oreocharis,Dicaeidae
Oreocincla,Turdidae
Oreoica,Muscicapidae
Oreomanes,Coerebidae
Oreonympha,Trochilidae
Oreophasis,Cracidae
Oreopholus,Charadriidae
Oreophylax,Furnariidae
Oreopsar,Icteridae
Oreopsittacus,Psittacidae
Oreornis,Meliphagidae
Oreortyx,Phasianidae
Oreoscoptes,Mimidae
Oreoscopus,Sylviidae
Oreostruthus,Ploceidae
Oreothraupis,Fringillidae
Oreotriccus,Tyrannidae
Oreotrochilus,Trochilidae
Origma,Sylviidae
Oriolia,Vangidae
Oriolus,Oriolidae
Oriturus,Fringillidae
Ornithion,Tyrannidae
Ortalis,Cracidae
Orthogonys,Thraupidae
Orthonyx,Timaliidae
Orthorhyncus,Trochilidae
Orthotomus,Sylviidae
Ortygospiza,Ploceidae
Rallus,Rallidae
Ortyxelos,Turnicidae
Oryzoborus,Fringillidae
Othyphantes,Ploceidae
Otidiphaps,Columbidae
Otis,Otididae
Otophanes,Caprimulgidae
Oxylabes,Timaliidae
Oxypogon,Trochilidae
Oxyruncus,Oxyruncidae
Oxyura,Anatidae
Pachycare,Muscicapidae
Pachycephala,Muscicapidae
Pachycephalopsis,Muscicapidae
Pachycoccyx,Cuculidae
Pachyphantes,Ploceidae
Pachyptila,Procellariidae
Pachyramphus,Cotingidae
Padda,Ploceidae
Pagodroma,Procellariidae
Pagophila,Laridae
Palmeria,Drepanididae
Pandion,Pandionidae
Panterpe,Trochilidae
Panurus,Paradoxornithidae
Panyptila,Apodidae
Paphosia,Trochilidae
Parabuteo,Accipitridae
Paradigalla,Paradisaeidae
Paradisaea,Paradisaeidae
Paradoxornis,Paradoxornithidae
Paramythia,Dicaeidae
Pardalotus,Dicaeidae
Pareudiastes,Rallidae
Parisoma,Sylviidae
Parmoptila,Ploceidae
Paroaria,Fringillidae
Parophasma,Muscicapidae
Parotia,Paradisaeidae
Parula,Parulidae
Passer,Ploceidae
Passerculus,Fringillidae
Passerella,Fringillidae
Passerina,Fringillidae
Patagona,Trochilidae
Pavo,Phasianidae
Pedilorhynchus,Muscicapidae
Pedioecetes,Tetraonidae
Pedionomus,Pedionomidae
Pelagodroma,Hydrobatidae
Pelargopsis,Alcedinidae
Pelecanoides,Pelecanoididae
Pelecanus,Pelecanidae
Pellorneum,Timaliidae
Peltohyas,Glareolidae
Peltops,Muscicapidae
Penelope,Cracidae
Penelopides,Bucerotidae
Penelopina,Cracidae
Poecilodryas,Muscicapidae
Peneothello,Muscicapidae
Pentholaea,Turdidae
Percnostola,Formicariidae
Perdix,Phasianidae
Pericrocotus,Campephagidae
Periporphyrus,Fringillidae
Perisoreus,Corvidae
Perissocephalus,Cotingidae
Pernis,Accipitridae
Petronia,Ploceidae
Petrophassa,Columbidae
Peucedramus,Parulidae
Pezites,Icteridae
Pezopetes,Fringillidae
Pezoporus,Psittacidae
Phacellodomus,Furnariidae
Phaenicophilus,Thraupidae
Phaenostictus,Formicariidae
Phaeochroa,Trochilidae
Phaeomyias,Tyrannidae
Phaeoprogne,Hirundinidae
Phaeornis,Turdidae
Phaeotriccus,Tyrannidae
Phaethon,Phaethontidae
Phaethornis,Trochilidae
Phaetusa,Laridae
Phainopepla,Ptilogonatidae
Phainoptila,Ptilogonatidae
Phalaenoptilus,Caprimulgidae
Phalaropus,Phalaropodidae
Phalcoboenus,Falconidae
Phapitreron,Columbidae
Phaps,Columbidae
Pharomachrus,Trogonidae
Phasianus,Phasianidae
Phasidus,Numididae
Phegornis,Charadriidae
Pheucticus,Fringillidae
Phibalura,Cotingidae
Phigys,Psittacidae
Philacte,Anatidae
Philemon,Meliphagidae
Philentoma,Muscicapidae
Philepitta,Philepittidae
Philetairus,Ploceidae
Philodice,Trochilidae
Philohela,Scolopacidae
Philomachus,Scolopacidae
Philortyx,Phasianidae
Philydor,Furnariidae
Phimosus,Threskiornithidae
Phlegopsis,Formicariidae
Phloeoceastes,Picidae
Phleocryptes,Furnariidae
Phlogophilus,Trochilidae
Phlogothraupis,Thraupidae
Phodilus,Tytonidae
Phoebetria,Diomedeidae
Phoenicircus,Cotingidae
Phoeniconaias,Phoenicopteridae
Phoenicoparrus,Phoenicopteridae
Phoenicopterus,Phoenicopteridae
Phoeniculus,Phoeniculidae
Phoenicurus,Turdidae
Pholidornis,Hyliadae
Phonygammus,Paradisaeidae
Phormoplectes,Ploceidae
Phragmaticola,Sylviidae
Phrygilus,Fringillidae
Phylidonyris,Meliphagidae
Phyllanthus,Timaliidae
Phyllastrephus,Pycnonotidae
Phyllolais,Sylviidae
Phyllomyias,Tyrannidae
Phylloscartes,Tyrannidae
Phylloscopus,Sylviidae
Phytotoma,Phytotomidae
Piaya,Cuculidae
Pica,Corvidae
Picathartes,Sturnidae
Picoides,Picidae
Piculus,Picidae
Picumnus,Picidae
Picus,Picidae
Piezorhina,Fringillidae
Piezorhynchus,Muscicapidae
Pilherodius,Ardeidae
Pinaroloxias,Fringillidae
Pinarornis,Turdidae
Pinicola,Fringillidae
Pionites,Psittacidae
Pionopsitta,Psittacidae
Pionus,Psittacidae
Pipilo,Fringillidae
Pipra,Pipridae
Pipraeidea,Thraupidae
Pipreola,Cotingidae
Piprites,Pipridae
Pipromorpha,Tyrannidae
Piranga,Thraupidae
Pirenestes,Ploceidae
Pitangus,Tyrannidae
Pithecophaga,Accipitridae
Pithys,Formicariidae
Pitohui,Muscicapidae
Pitta,Pittidae
Pittasoma,Formicariidae
Pitylus,Fringillidae
Pityriasis,Sturnidae
Platalea,Threskiornithidae
Platycercus,Psittacidae
Platylophus,Corvidae
Platypsaris,Cotingidae
Platyrinchus,Tyrannidae
Platysmurus,Corvidae
Platysteira,Muscicapidae
Plectorhyncha,Meliphagidae
Plectrophenax,Fringillidae
Plectropterus,Anatidae
Plegadis,Threskiornithidae
Plocepasser,Ploceidae
Pluvialis,Charadriidae
Pluvianellus,Charadriidae
Pluvianus,Glareolidae
Pnoepyga,Timaliidae
Podager,Caprimulgidae
Podargus,Podargidae
Podica,Heliornithidae
Podiceps,Podicipedidae
Podilymbus,Podicipedidae
Podeces,Corvidae
Poecilotriccus,Tyrannidae
Poecilurus,Furnariidae
Poeoptera,Sturnidae
Poephila,Ploceidae
Pogoniulus,Capitonidae
Pogonocichla,Turdidae
Pogonotriccus,Tyrannidae
Poicephalus,Psittacidae
Poleamaetus,Accipitridae
Poliolais,Sylviidae
Porzana,Rallidae
Polioptila,Sylviidae
Polyboroides,Accipitridae
Polyborus,Falconidae
Polyonymus,Trochilidae
Polyplancta,Trochilidae
Polyplectron,Phasianidae
Polysticta,Anatidae
Polystictus,Tyrannidae
Polytelis,Psittacidae
Polytmus,Trochilidae
Pomareopsis,Grallinidae
Pomatorhinus,Timaliidae
Pooecetes,Fringillidae
Poospiza,Fringillidae
Popelairia,Trochilidae
Porphyrio,Rallidae
Porphyriops,Rallidae
Porphyriornis,Rallidae
Porphyrolaema,Cotingidae
Porphyrospiza,Fringillidae
Porphyrula,Rallidae
Premnoplex,Furnariidae
Premnornis,Furnariidae
Prioniturus,Psittacidae
Prionodura,Ptilonorhynchidae
Prionops,Prionopidae
Priotelus,Trogonidae
Probosciger,Psittacidae
Procellaria,Procellariidae
Procelsterna,Laridae
Procnias,Cotingidae
Prodotiscus,Indicatoridae
Progne,Hirundinidae
Promerops,Meliphagidae
Prosopeia,Psittacidae
Prosthemadera,Meliphagidae
Protonotaria,Parulidae
Prunella,Prunellidae:
Psalidoprocne,Hirundinidae
Psaltria,Paridae
Psaltriparus,Paridae
Psammathia,Sylviidae
Psarisonus,Eurylaimidae
Psarocolius,Icteridae
Pselliophorus,Fringillidae
Pseudalaemon,Alaudidae
Pseudattila,Cotingidae
Pseudeos,Psittacidae
Pseudibis,Threskiornithidae
Pseudoalcippe,Timaliidae
Pseudobias,Muscicapidae
Pseudocalyptomena,Eurylaimidae
Pseudochelidon,Hirundinidae
Pseudocolaptes,Furnariidae
Pseudocolopteryx,Tyrannidae
Pseudocossyphus,Turdidae
Pseudodacnis,Thraupidae
Pseudoleistes,Icteridae
Pseudonestor,Drepanididae
Pseudonigrita,Ploceidae
Pseudoscops,Strigidae
Pseudoseisura,Furnariidae
Tringa,Scolopacidae
Pseudotriccus,Tyrannidae
Psilopogon,Capitonidae
Psilorhamphus,Rhinocryptidae
Psilorhinus,Corvidae
Psittacella,Psittacidae
Psittacula,Psittacidae
Psittaculirostris,Psittacidae
Psittacus,Psittacidae
Psittinus,Psittacidae
Psittrichas,Psittacidae
Psophia,Psophiidae
Zoothera,Turdidae
Psophodes,Timaliidae
Pteridophora,Paradisaeidae
Pternistis,Phasianidae
Pterocnemia,Rheidae
Pterodroma,Procellariidae
Pteroglossus,Ramphastidae
Pteronetta,Anatidae
Pterophanes,Trochilidae
Pteropodocys,Campephagidae
Pteroptochos,Rhinocryptidae
Pteruthius,Timaliidae
Ptilocichla,Timaliidae
Ptilogonys,Ptilogonatidae
Ptilolaemus,Bucerotidae
Ptilonorhynchus,Ptilonorhynchidae
Ptilopachus,Phasianidae
Ptiloprora,Meliphagidae
Ptiloris,Paradisaeidae
Ptilostomus,Corvidae
Ptochoptera,Trochilidae
Ptychoramphus,Alcidae
Ptyrticus,Timaliidae
Pucrasia,Phasianidae
Pulsatrix,Strigidae
Purpureicephalus,Psittacidae
Pycnoptilus,Sylviidae
Pycnopygius,Meliphagidae
Pygarrhichas,Furnariidae
Pygiptila,Formicariidae
Pyriglena,Formicariidae
Pyrocephalus,Tyrannidae
Pyroderus,Cotingidae
Pyrope,Tyrannidae
Pyrrhocoma,Thraupidae
Pyrrhocorax,Corvidae
Pyrrholaemus,Sylviidae
Pyrrhomyias,Tyrannidae
Pyrrhoplectes,Fringillidae
Pyrrhula,Fringillidae
Pyrrhuloxia,Fringillidae
Pyrrhuphonia,Thraupidae
Pyrrhura,Psittacidae
Pyrrhurus,Pycnonotidae
Pytilia,Ploceidae
Pytonoprogne,Hirundinidae
Quelea,Ploceidae
Querula,Cotingidae
Quiscalus,Icteridae
Rallicula,Rallidae
Rallina,Rallidae
Ramphastos,Ramphastidae
Ramphocaenus,Sylviidae
Ramphocelus,Thraupidae
Rhamphocharis,Dicaeidae
Ramphocinclus,Mimidae
Ramphocoris,Alaudidae
Ramphodon,Trochilidae
Ramphomicron,Trochilidae
Ramphotrigon,Tyrannidae
Randia,Sylviidae
Recurvirostra,Recurvirostridae
Regulus,Sylviidae
Reinarda,Apodidae
Remiz,Paridae
Rhabdornis,Neosittidae
Rhagologus,Muscicapidae
Rhamphococcyx,Cuculidae
Rhamphomantis,Cuculidae
Rhea,Rheidae
Rhegmatorhina,Formicariidae
Rheinardia,Phasianidae
Rhinocrypta,Rhinocryptidae
Rhinomyias,Muscicapidae
Rhinoplax,Bucerotidae
Rhinopomastus,Phoeniculidae
Rhinoptynx,Strigidae
Rhipidura,Muscicapidae
Rhizothera,Phasianidae
Rhodinocichla,Thraupidae
Rhodopis,Trochilidae
Rhodospingus,Fringillidae
Rhodostethia,Laridae
Rhodothraupis,Fringillidae
Rhopocichla,Timaliidae
Rhopodytes,Cuculidae
Rhynchostruthus,Fringillidae
Rhopophilus,Sylviidae
Rhopornis,Formicariidae
Rhyacornis,Turdidae
Rhynchocyclus,Tyrannidae
Rhynchophanes,Fringillidae
Rhynchopsitta,Psittacidae
Rhynchortyx,Phasianidae
Rhynchospiza,Fringillidae
Rhynchotus,Tinamidae
Rhynochetos,Rhynochetidae
Rhyticeros,Bucerotidae
Rhytipterna,Cotingidae
Ridgwayia,Turdidae
Rimator,Timaliidae
Riparia,Hirundinidae
Rissa,Laridae
Rollulus,Phasianidae
Roraimia,Furnariidae
Rostratula,Rostratulidae
Rostrhamus,Accipitridae
Rougetius,Rallidae
Rowettia,Fringillidae
Rukia,Zosteropidae
Rupicola,Cotingidae
Ruwenzorornis,Musophagidae
Rynchops,Rynchopidae
Sagittarius,Sagittariidae
Sakesphorus,Formicariidae
Salpinctes,Troglodytidae
Salpornis,Certhiidae
Saltator,Fringillidae
Saltatricula,Fringillidae
Salvadorina,Anatidae
Sapayoa,Pipridae
Sapheopico,Picidae
Sappho,Trochilidae
Sarciophorus,Charadriidae
Sarcogyps,Accipitridae
Sarcops,Sturnidae
Sarcoramphus,Cathartidae
Sarkidiornis,Anatidae
Saroglossa,Sturnidae
Sarothrura,Rallidae
Sasia,Picidae
Satrapa,Tyrannidae
Saurothera,Cuculidae
Saxicola,Turdidae
Saxicoloides,Turdidae
Sayornis,Tyrannidae
Scaphidura,Icteridae
Scardafella,Columbidae
Sceloglaux,Strigidae
Scelorchilus,Rhinocryptidae
Scenopoeetes,Ptilonorhynchidae
Schetba,Vangidae
Schiffornis,Pipridae
Schistes,Trochilidae
Schistoclamys,Thraupidae
Schizoeaca,Furnariidae
Schoenicola,Sylviidae
Schoeniophylax,Furnariidae
Scisserostrum,Sturnidae
Sclerurus,Furnariidae
Scolopax,Scolopacidae
Scoptelus,Phoeniculidae
Scopus,Scopidae
Scotocerca,Sylviidae
Scotopelia,Strigidae
Scotornis,Caprimulgidae
Scytalopus,Rhinocryptidae
Scythrops,Cuculidae
Seicercus,Sylviidae
Seisura,Muscicapidae
Seiurus,Parulidae
Selasphorus,Trochilidae
Selenidera,Ramphastidae
Seleucidis,Paradisaeidae
Semeiophorus,Caprimulgidae
Semioptera,Paradisaeidae
Semnornis,Capitonidae
Sephanoides,Trochilidae
Sericornis,Sylviidae
Sericossypha,Thraupidae
Sericotes,Trochilidae
Xanthomelus,Ptilonorhynchidae
Serilophus,Eurylaimidae
Serpophaga,Tyrannidae
Setophaga,Parulidae
Setornis,Pycnonotidae
Sheppardia,Turdidae
Sialia,Turdidae
Sicalis,Fringillidae
Sigelus,Muscicapidae
Sigmodus,Prionopidae
Simoxenops,Furnariidae
Sipia,Formicariidae
Siptornis,Furnariidae
Siptornopsis,Furnariidae
Sirystes,Tyrannidae
Sitagra,Ploceidae
Sitta,Sittidae
Sittasomus,Dendrocolaptidae
Smaragdolanius,Vireolaniidae
Smicrornis,Sylviidae
Smithornis,Eurylaimidae
Snethlagea,Tyrannidae
Somateria,Anatidae
Sorella,Ploceidae
Spartonoica,Furnariidae
Spreo,Sturnidae
Speirops,Zosteropidae
Spelaeornis,Timaliidae
Speotyto,Strigidae
Spermophaga,Ploceidae
Sphecotheres,Oriolidae
Spheniscus,Spheniscidae
Sphenocichla,Timaliidae
Sphenoeacus,Sylviidae
Sphenorhynchus,Ciconiidae
Sphenostoma,Timaliidae
Sphyrapicus,Picidae
Spiloptila,Sylviidae
Spilornis,Accipitridae
Spindalis,Thraupidae
Spinus,Fringillidae
Spiza,Fringillidae
Spizastur,Accipitridae
Spizella,Fringillidae
Spiziapteryx,Falconidae
Spizixos,Pycnonotidae
Spizocorys,Alaudidae
Sporophila,Fringillidae
Sporopipes,Ploceidae
Stachyris,Timaliidae
Starnoenas,Columbidae
Steatornis,Steatornithidae
Steganopus,Phalaropodidae
Steganura,Ploceidae
Stelgidopteryx,Hirundinidae
Stellula,Trochilidae
Stenostira,Muscicapidae
Stephanibyx,Charadriidae
Stephanoaetus,Accipitridae
Stephanophorus,Thraupidae
Stephanoxis,Trochilidae
Stercorarius,Stercorariidae
Sterna,Laridae
Sternoclyta,Trochilidae
Stictonetta,Anatidae
Stigmatura,Tyrannidae
Stiltia,Glareolidae
Stipiturus,Sylviidae
Stizoptera,Ploceidae
Stizorhina,Muscicapidae
Stomiopera,Meliphagidae
Strepera,Cracticidae
Streptocitta,Sturnidae
Streptopelia,Columbidae
Streptoprocne,Apodidae
Strigops,Psittacidae
Strix,Strigidae
Struthidea,Grallinidae
Struthio,Struthionidae
Sturnella,Icteridae
Sturnus,Sturnidae
Sublegatus,Tyrannidae
Suiriri,Tyrannidae
Sula,Sulidae
Surnia,Strigidae
Surniculus,Cuculidae
Sylvia,Sylviidae
Sylvietta,Sylviidae
Sylviorthorhyncus,Furnariidae
Sylviparus,Paridae
Symplectes,Ploceidae
Synallaxis,Furnariidae
Syndactyla,Furnariidae
Synoicus,Phasianidae
Synthliboramphus,Alcidae
Sypheotides,Otididae
Syrigma,Ardeidae
Syrmaticus,Phasianidae
Syrrhaptes,Pteroclidae
Taccocua,Cuculidae
Tachornis,Apodidae
Tachuris,Tyrannidae
Tachycineta,Hirundinidae
Tachyeres,Anatidae
Tachyphonus,Thraupidae
Taeniotriccus,Tyrannidae
Talegalla,Megapodiidae
Tangara,Thraupidae
Tangavius,Icteridae
Tanygnathus,Psittacidae
Tanysiptera,Alcedinidae
Taoniscus,Tinamidae
Tapera,Cuculidae
Taphrolesbia,Trochilidae
Taphrospilus,Trochilidae
Taraba,Formicariidae
Tarsiger,Turdidae
Tauraco,Musophagidae
Tchitrea,Muscicapidae
Teledromas,Rhinocryptidae
Teleonema,Pipridae
Telmatodytes,Troglodytidae
Telophorus,Laniidae
Temnotrogon,Trogonidae
Temnurus,Corvidae
Tephrodornis,Campephagidae
Tephrozosterops,Zosteropidae
Terathopius,Accipitridae
Terenotriccus,Tyrannidae
Terenura,Formicariidae
Teretistris,Parulidae
Tersina,Tersinidae
Terpsiphone,Muscicapidae
Tetrao,Tetraonidae
Tetraogallus,Phasianidae
Tetrastes,Tetraonidae
Thalasseus,Laridae
Thalassoica,Procellariidae
Thalassornis,Anatidae
Thalurania,Trochilidae
Thamnistes,Formicariidae
Thamnocharis,Formicariidae
Thamnomanes,Formicariidae
Thamnophilus,Formicariidae
Thamnornis,Sylviidae
Thaumastura,Trochilidae
Theristicus,Threskiornithidae
Thescelocichla,Pycnonotidae
Thinocorus,Thinocoridae
Thinornis,Charadriidae
Thlypopsis,Thraupidae
Thomasophantes,Ploceidae
Thraupis,Thraupidae
Threnetes,Trochilidae
Thripadectes,Furnariidae
Thripias,Picidae
Thripophaga,Furnariidae
Thryomanes,Troglodytidae
Thryothorus,Troglodytidae
Tiaris,Fringillidae
Tichodroma,Sittidae
Tigriornis,Ardeidae
Tijuca,Cotingidae
Tilmatura,Trochilidae
Timalia,Timaliidae
Timeliopsis,Meliphagidae
Tinamotis,Tinamidae
Tinamus,Tinamidae
Tityra,Cotingidae
Tmetothylacus,Motacillidae
Todirostrum,Tyrannidae
Todopsis,Sylviidae
Todus,Todidae
Tolmomyias,Tyrannidae
Topaza,Trochilidae
Torgos,Accipitridae
Torreornis,Fringillidae
Touit,Psittacidae
Toxostoma,Mimidae
Trachyphonus,Capitonidae
Tragopan,Phasianidae
Tribonyx,Rallidae
Trichocichla,Sylviidae
Trichoglossus,Psittacidae
Tricholaema,Capitonidae
Tricholimnas,Rallidae
Trichopicus,Picidae
Trichothraupis,Thraupidae
Triclaria,Psittacidae
Trigonoceps,Accipitridae
Trochocercus,Muscicapidae
Trochilus,Trochilidae
Troglodytes,Troglodytidae
Trogon,Trogonidae
Tropicranus,Bucerotidae
Trugon,Columbidae
Tryngites,Scolopacidae
Tumbezia,Tyrannidae
Turacoena,Columbidae
Turnagra,Muscicapidae
Turnix,Turnicidae
Turtur,Columbidae
Tychaedon,Turdidae
Tylas,Pycnonotidae
Tylibyx,Charadriidae
Tympanuchus,Tetraonidae
Tyranneutes,Pipridae
Tyranniscus,Tyrannidae
Tyrannopsis,Tyrannidae
Tyrannulus,Tyrannidae
Tyrannus,Tyrannidae
Unatelornis,Coraciidae
Upupa,Upupidae
Uraeginthus,Ploceidae
Uragus,Fringillidae
Uria,Alcidae
Urochroa,Trochilidae
Urocissa,Corvidae
Urocynchramus,Fringillidae
Uroglaux,Strigidae
Urolais,Sylviidae
Urolestes,Laniidae
Uromyias,Tyrannidae
Uropelia,Columbidae
Uropsila,Troglodytidae
Uropsalis,Caprimulgidae
Urosticte,Trochilidae
Urotriorchis,Accipitridae
Urothraupis,Thraupidae
Vanga,Vangidae
Veniliornis,Picidae
Vermivora,Parulidae
Verreauxia,Picidae
Vestiaria,Drepanididae
Vidua,Ploceidae
Vini,Psittacidae
Vireo,Vireonidae
Vireolanius,Vireolaniidae
Viridibucco,Capitonidae
Vitia,Sylviidae
Volatinia,Fringillidae
Vosea,Meliphagidae
Vultur,Cathartidae
Warsanglia,Fringillidae
Wetmorethraupis,Thraupidae
Wilsonia,Parulidae
Woodfordia,Zosteropidae
Xanthocephalus,Icteridae
Xanthomyias,Tyrannidae
Xanthophilus,Ploceidae
Xanthoplectes,Ploceidae
Xanthopsar,Icteridae
Xanthotis,Meliphagidae
Xema,Laridae
Xenerpestes,Furnariidae
Xenicus,Acanthisittidae
Xenocopsychus,Turdidae
Xenodacnis,Coerebidae
Xenoligea,Parulidae
Xenopipo,Pipridae
Xenopirostris,Vangidae
Xenops,Furnariidae
Xenopsaris,Cotingidae
Xenorhynchus,Ciconiidae
Xenornis,Formicariidae
Xenospingus,Fringillidae
Xenospiza,Fringillidae
Xenotriccus,Tyrannidae
Xenus,NA
Xiphidiopicus,Picidae
Xiphidiopterus,Charadriidae
Xiphirhynchus,Timaliidae
Xiphocolaptes,Dendrocolaptidae
Xipholena,Cotingidae
Xiphorhynchus,Dendrocolaptidae
Xolmis,Tyrannidae
Yetapa,Tyrannidae
Yuhina,Timaliidae
Zanthomyza,Meliphagidae
Zaratornis,Cotingidae
Zarhynchus,Icteridae
Zavattariornis,Corvidae
Zebrilus,Ardeidae
Zeledonia,Zeledoniidae
Zonerodius,Ardeidae
Zonibyx,Charadriidae
Zonotrichia,Fringillidae
Zoonavena,Apodidae
Zosterops,Zosteropidae
Elanus,Accipitridae
Rhinoptilus,Glareolidae
Pseudhirundo,Hirundinidae
Buteo,Accipitridae
Ptyonoprogne,Hirundinidae
Olor,Anatidae
Zenaida,Columbidae
