CommonName2023,ScientificName2023,Notes
TINAMIFORMES: Tinamidae,,
Great Tinamou,Tinamus major,
Little Tinamou,Crypturellus soui,
Slaty-breasted Tinamou,Crypturellus boucardi,
Thicket Tinamou,Crypturellus cinnamomeus,
,,
ANSERIFORMES: Anatidae,,
Black-bellied Whistling-Duck,Dendrocygna autumnalis,
Fulvous Whistling-Duck,Dendrocygna bicolor,
Snow Goose,Anser caerulescens,
Greater White-fronted Goose,Anser albifrons,Rare/Accidental
Muscovy Duck,Cairina moschata,
Wood Duck,Aix sponsa,
Blue-winged Teal,Spatula discors,
Cinnamon Teal,Spatula cyanoptera,
Northern Shoveler,Spatula clypeata,
Gadwall,Mareca strepera,
American Wigeon,Mareca americana,
Mexican Duck,Anas diazi,Endemic (country/region)
Northern Pintail,Anas acuta,
Green-winged Teal,Anas crecca,
Canvasback,Aythya valisineria,Rare/Accidental
Redhead,Aythya americana,
Ring-necked Duck,Aythya collaris,
Lesser Scaup,Aythya affinis,
Hooded Merganser,Lophodytes cucullatus,
Red-breasted Merganser,Mergus serrator,Rare/Accidental
Masked Duck,Nomonyx dominicus,
Ruddy Duck,Oxyura jamaicensis,
,,
GALLIFORMES: Cracidae,,
Plain Chachalaca,Ortalis vetula,
West Mexican Chachalaca,Ortalis poliocephala,Endemic (country/region)
Crested Guan,Penelope purpurascens,
Highland Guan,Penelopina nigra,
Horned Guan,Oreophasis derbianus,
Great Curassow,Crax rubra,
,,
GALLIFORMES: Odontophoridae,,
Long-tailed Wood-Partridge,Dendrortyx macroura,Endemic (country/region)
Bearded Wood-Partridge,Dendrortyx barbatus,Endemic (country/region)
Banded Quail,Philortyx fasciatus,Endemic (country/region)
Northern Bobwhite,Colinus virginianus,
Montezuma Quail,Cyrtonyx montezumae,
Ocellated Quail,Cyrtonyx ocellatus,
Singing Quail,Dactylortyx thoracicus,
Spotted Wood-Quail,Odontophorus guttatus,
,,
PODICIPEDIFORMES: Podicipedidae,,
Least Grebe,Tachybaptus dominicus,
Pied-billed Grebe,Podilymbus podiceps,
Eared Grebe,Podiceps nigricollis,
,,
COLUMBIFORMES: Columbidae,,
Rock Pigeon,Columba livia,Introduced species
Scaled Pigeon,Patagioenas speciosa,
Red-billed Pigeon,Patagioenas flavirostris,
Band-tailed Pigeon,Patagioenas fasciata,
Short-billed Pigeon,Patagioenas nigrirostris,
Eurasian Collared-Dove,Streptopelia decaocto,Introduced species
Inca Dove,Columbina inca,
Common Ground Dove,Columbina passerina,
Plain-breasted Ground Dove,Columbina minuta,
Ruddy Ground Dove,Columbina talpacoti,
Blue Ground Dove,Claravis pretiosa,
Maroon-chested Ground Dove,Paraclaravis mondetoura,
Ruddy Quail-Dove,Geotrygon montana,
White-tipped Dove,Leptotila verreauxi,
Gray-headed Dove,Leptotila plumbeiceps,
White-faced Quail-Dove,Zentrygon albifacies,
White-winged Dove,Zenaida asiatica,
Mourning Dove,Zenaida macroura,
,,
CUCULIFORMES: Cuculidae,,
Groove-billed Ani,Crotophaga sulcirostris,
Striped Cuckoo,Tapera naevia,
Pheasant Cuckoo,Dromococcyx phasianellus,
Lesser Ground-Cuckoo,Morococcyx erythropygus,
Lesser Roadrunner,Geococcyx velox,
Greater Roadrunner,Geococcyx californianus,
Squirrel Cuckoo,Piaya cayana,
Yellow-billed Cuckoo,Coccyzus americanus,
Mangrove Cuckoo,Coccyzus minor,
Black-billed Cuckoo,Coccyzus erythropthalmus,
,,
CAPRIMULGIFORMES: Caprimulgidae,,
Lesser Nighthawk,Chordeiles acutipennis,
Common Nighthawk,Chordeiles minor,
Common Pauraque,Nyctidromus albicollis,
Spot-tailed Nightjar,Hydropsalis maculicaudus,
Eared Poorwill,Nyctiphrynus mcleodii,Endemic (country/region)
Chuck-will's-widow,Antrostomus carolinensis,
Tawny-collared Nightjar,Antrostomus salvini,Rare/Accidental
Buff-collared Nightjar,Antrostomus ridgwayi,
Eastern Whip-poor-will,Antrostomus vociferus,
Mexican Whip-poor-will,Antrostomus arizonae,
,,
CAPRIMULGIFORMES: Nyctibiidae,,
Northern Potoo,Nyctibius jamaicensis,
,,
CAPRIMULGIFORMES: Apodidae,,
Black Swift,Cypseloides niger,
Chestnut-collared Swift,Streptoprocne rutila,
White-collared Swift,Streptoprocne zonaris,
White-naped Swift,Streptoprocne semicollaris,Endemic (country/region)
Chimney Swift,Chaetura pelagica,
Vaux's Swift,Chaetura vauxi,
White-throated Swift,Aeronautes saxatalis,
Lesser Swallow-tailed Swift,Panyptila cayennensis,
Great Swallow-tailed Swift,Panyptila sanctihieronymi,
,,
CAPRIMULGIFORMES: Trochilidae,,
White-necked Jacobin,Florisuga mellivora,
Long-billed Hermit,Phaethornis longirostris,
Mexican Hermit,Phaethornis mexicanus,
Stripe-throated Hermit,Phaethornis striigularis,
Mexican Violetear,Colibri thalassinus,
Green-breasted Mango,Anthracothorax prevostii,
Black-crested Coquette,Lophornis helenae,
Rivoli's Hummingbird,Eugenes fulgens,
Long-billed Starthroat,Heliomaster longirostris,
Plain-capped Starthroat,Heliomaster constantii,
Green-throated Mountain-gem,Lampornis viridipallens,
Amethyst-throated Mountain-gem,Lampornis amethystinus,
Blue-throated Mountain-gem,Lampornis clemenciae,
Garnet-throated Hummingbird,Lamprolaima rhami,
Sparkling-tailed Hummingbird,Tilmatura dupontii,
Lucifer Hummingbird,Calothorax lucifer,
Beautiful Hummingbird,Calothorax pulcher,Endemic (country/region)
Ruby-throated Hummingbird,Archilochus colubris,
Black-chinned Hummingbird,Archilochus alexandri,Rare/Accidental
Calliope Hummingbird,Selasphorus calliope,
Rufous Hummingbird,Selasphorus rufus,
Broad-tailed Hummingbird,Selasphorus platycercus,
Bumblebee Hummingbird,Selasphorus heloisa,Endemic (country/region)
Dusky Hummingbird,Phaeoptila sordida,Endemic (country/region)
Broad-billed Hummingbird,Cynanthus latirostris,
Turquoise-crowned Hummingbird,Cynanthus doubledayi,Endemic (country/region)
Golden-crowned Emerald,Cynanthus auriceps,Endemic (country/region)
Canivet's Emerald,Cynanthus canivetii,
White-eared Hummingbird,Basilinna leucotis,
Wedge-tailed Sabrewing,Pampa curvipennis,
Rufous Sabrewing,Pampa rufa,
Emerald-chinned Hummingbird,Abeillia abeillei,
Violet Sabrewing,Campylopterus hemileucurus,
White-tailed Hummingbird,Eupherusa poliocerca,Endemic (country/region)
Blue-capped Hummingbird,Eupherusa cyanophrys,Endemic
Stripe-tailed Hummingbird,Eupherusa eximia,
Violet-crowned Hummingbird,Ramosomyia violiceps,
Green-fronted Hummingbird,Ramosomyia viridifrons,
Azure-crowned Hummingbird,Saucerottia cyanocephala,
Berylline Hummingbird,Saucerottia beryllina,
Cinnamon Hummingbird,Amazilia rutila,
Buff-bellied Hummingbird,Amazilia yucatanensis,
Rufous-tailed Hummingbird,Amazilia tzacatl,
White-bellied Emerald,Chlorestes candida,
Blue-throated Goldentail,Chlorestes eliciae,
,,
GRUIFORMES: Rallidae,,
Virginia Rail,Rallus limicola,Rare/Accidental
Spotted Rail,Pardirallus maculatus,
Uniform Crake,Amaurolimnas concolor,Rare/Accidental
Rufous-necked Wood-Rail,Aramides axillaris,
Russet-naped Wood-Rail,Aramides albiventris,
Sora,Porzana carolina,
Common Gallinule,Gallinula galeata,
American Coot,Fulica americana,
Purple Gallinule,Porphyrio martinica,
Yellow-breasted Crake,Hapalocrex flaviventer,
Ruddy Crake,Laterallus ruber,
,,
GRUIFORMES: Heliornithidae,,
Sungrebe,Heliornis fulica,
,,
GRUIFORMES: Aramidae,,
Limpkin,Aramus guarauna,
,,
CHARADRIIFORMES: Burhinidae,,
Double-striped Thick-knee,Hesperoburhinus bistriatus,Rare/Accidental
,,
CHARADRIIFORMES: Recurvirostridae,,
Black-necked Stilt,Himantopus mexicanus,
American Avocet,Recurvirostra americana,
,,
CHARADRIIFORMES: Haematopodidae,,
American Oystercatcher,Haematopus palliatus,
,,
CHARADRIIFORMES: Charadriidae,,
Black-bellied Plover,Pluvialis squatarola,
American Golden-Plover,Pluvialis dominica,
Pacific Golden-Plover,Pluvialis fulva,Rare/Accidental
Killdeer,Charadrius vociferus,
Semipalmated Plover,Charadrius semipalmatus,
Wilson's Plover,Anarhynchus wilsonia,
Collared Plover,Anarhynchus collaris,
Snowy Plover,Anarhynchus nivosus,
,,
CHARADRIIFORMES: Jacanidae,,
Northern Jacana,Jacana spinosa,
,,
CHARADRIIFORMES: Scolopacidae,,
Upland Sandpiper,Bartramia longicauda,
Whimbrel,Numenius phaeopus,
Long-billed Curlew,Numenius americanus,
Hudsonian Godwit,Limosa haemastica,Rare/Accidental
Marbled Godwit,Limosa fedoa,
Short-billed Dowitcher,Limnodromus griseus,
Long-billed Dowitcher,Limnodromus scolopaceus,
Wilson's Snipe,Gallinago delicata,
Wilson's Phalarope,Phalaropus tricolor,
Red Phalarope,Phalaropus fulicarius,
Red-necked Phalarope,Phalaropus lobatus,
Spotted Sandpiper,Actitis macularius,
Solitary Sandpiper,Tringa solitaria,
Wandering Tattler,Tringa incana,
Lesser Yellowlegs,Tringa flavipes,
Willet,Tringa semipalmata,
Greater Yellowlegs,Tringa melanoleuca,
Ruddy Turnstone,Arenaria interpres,
Red Knot,Calidris canutus,
Surfbird,Calidris virgata,
Ruff,Calidris pugnax,Rare/Accidental
Stilt Sandpiper,Calidris himantopus,
Buff-breasted Sandpiper,Calidris subruficollis,Rare/Accidental
Sanderling,Calidris alba,
Dunlin,Calidris alpina,
Baird's Sandpiper,Calidris bairdii,
Least Sandpiper,Calidris minutilla,
Pectoral Sandpiper,Calidris melanotos,
Western Sandpiper,Calidris mauri,
Semipalmated Sandpiper,Calidris pusilla,
,,
CHARADRIIFORMES: Stercorariidae,,
Long-tailed Jaeger,Stercorarius longicaudus,
Parasitic Jaeger,Stercorarius parasiticus,
Pomarine Jaeger,Stercorarius pomarinus,
South Polar Skua,Stercorarius maccormicki,
,,
CHARADRIIFORMES: Laridae,,
Swallow-tailed Gull,Creagrus furcatus,Rare/Accidental
Sabine's Gull,Xema sabini,
Bonaparte's Gull,Chroicocephalus philadelphia,Rare/Accidental
Gray Gull,Leucophaeus modestus,Rare/Accidental
Laughing Gull,Leucophaeus atricilla,
Franklin's Gull,Leucophaeus pipixcan,
Heermann's Gull,Larus heermanni,
Ring-billed Gull,Larus delawarensis,
Yellow-footed Gull,Larus livens,Rare/Accidental
Western Gull,Larus occidentalis,Rare/Accidental
Herring Gull,Larus argentatus,
California Gull,Larus californicus,Rare/Accidental
Black Skimmer,Rynchops niger,
Brown Noddy,Anous stolidus,
Sooty Tern,Onychoprion fuscatus,
Bridled Tern,Onychoprion anaethetus,
Least Tern,Sternula antillarum,
Gull-billed Tern,Gelochelidon nilotica,
Caspian Tern,Hydroprogne caspia,
Black Tern,Chlidonias niger,
Forster's Tern,Sterna forsteri,
Arctic Tern,Sterna paradisaea,Rare/Accidental
Common Tern,Sterna hirundo,
Sandwich Tern,Thalasseus sandvicensis,
Elegant Tern,Thalasseus elegans,
Royal Tern,Thalasseus maximus,
,,
PHAETHONTIFORMES: Phaethontidae,,
Red-billed Tropicbird,Phaethon aethereus,
,,
GAVIIFORMES: Gaviidae,,
Common Loon,Gavia immer,Rare/Accidental
,,
PROCELLARIIFORMES: Hydrobatidae,,
Leach's Storm-Petrel,Hydrobates leucorhous,Rare/Accidental
Wedge-rumped Storm-Petrel,Hydrobates tethys,
Black Storm-Petrel,Hydrobates melania,
Least Storm-Petrel,Hydrobates microsoma,
,,
PROCELLARIIFORMES: Procellariidae,,
Kermadec Petrel,Pterodroma neglecta,Rare/Accidental
Juan Fernandez Petrel,Pterodroma externa,
Tahiti Petrel,Pseudobulweria rostrata,
Parkinson's Petrel,Procellaria parkinsoni,Rare/Accidental
Pink-footed Shearwater,Ardenna creatopus,
Wedge-tailed Shearwater,Ardenna pacifica,
Sooty Shearwater,Ardenna grisea,
Christmas Shearwater,Puffinus nativitatis,Rare/Accidental
Galapagos Shearwater,Puffinus subalaris,
Manx Shearwater,Puffinus puffinus,Rare/Accidental
Townsend's Shearwater,Puffinus auricularis,Endemic (country/region)
Black-vented Shearwater,Puffinus opisthomelas,Breeding endemic
,,
CICONIIFORMES: Ciconiidae,,
Jabiru,Jabiru mycteria,Rare/Accidental
Wood Stork,Mycteria americana,
,,
SULIFORMES: Fregatidae,,
Magnificent Frigatebird,Fregata magnificens,
,,
SULIFORMES: Sulidae,,
Red-footed Booby,Sula sula,
Brown Booby,Sula leucogaster,
Masked Booby,Sula dactylatra,Rare/Accidental
Nazca Booby,Sula granti,
Blue-footed Booby,Sula nebouxii,
,,
SULIFORMES: Anhingidae,,
Anhinga,Anhinga anhinga,
,,
SULIFORMES: Phalacrocoracidae,,
Double-crested Cormorant,Nannopterum auritum,
Neotropic Cormorant,Nannopterum brasilianum,
,,
PELECANIFORMES: Pelecanidae,,
American White Pelican,Pelecanus erythrorhynchos,
Brown Pelican,Pelecanus occidentalis,
,,
PELECANIFORMES: Ardeidae,,
Bare-throated Tiger-Heron,Tigrisoma mexicanum,
Boat-billed Heron,Cochlearius cochlearius,
Agami Heron,Agamia agami,
American Bittern,Botaurus lentiginosus,
Pinnated Bittern,Botaurus pinnatus,
Least Bittern,Ixobrychus exilis,
Yellow-crowned Night Heron,Nyctanassa violacea,
Black-crowned Night Heron,Nycticorax nycticorax,
Little Blue Heron,Egretta caerulea,
Tricolored Heron,Egretta tricolor,
Reddish Egret,Egretta rufescens,
Snowy Egret,Egretta thula,
Green Heron,Butorides virescens,
Western Cattle Egret,Bubulcus ibis,
Great Egret,Ardea alba,
Great Blue Heron,Ardea herodias,
,,
PELECANIFORMES: Threskiornithidae,,
White Ibis,Eudocimus albus,
Glossy Ibis,Plegadis falcinellus,Rare/Accidental
White-faced Ibis,Plegadis chihi,
Roseate Spoonbill,Platalea ajaja,
,,
CATHARTIFORMES: Cathartidae,,
King Vulture,Sarcoramphus papa,
Black Vulture,Coragyps atratus,
Turkey Vulture,Cathartes aura,
Lesser Yellow-headed Vulture,Cathartes burrovianus,
,,
ACCIPITRIFORMES: Pandionidae,,
Osprey,Pandion haliaetus,
,,
ACCIPITRIFORMES: Accipitridae,,
White-tailed Kite,Elanus leucurus,
Hook-billed Kite,Chondrohierax uncinatus,
Gray-headed Kite,Leptodon cayanensis,
Swallow-tailed Kite,Elanoides forficatus,
Harpy Eagle,Harpia harpyja,
Black Hawk-Eagle,Spizaetus tyrannus,
Ornate Hawk-Eagle,Spizaetus ornatus,
Black-and-white Hawk-Eagle,Spizaetus melanoleucus,
Golden Eagle,Aquila chrysaetos,
Black-collared Hawk,Busarellus nigricollis,
Snail Kite,Rostrhamus sociabilis,
Double-toothed Kite,Harpagus bidentatus,
Mississippi Kite,Ictinia mississippiensis,
Plumbeous Kite,Ictinia plumbea,
Northern Harrier,Circus hudsonius,
Sharp-shinned Hawk,Accipiter striatus,
Cooper's Hawk,Accipiter cooperii,
Bicolored Hawk,Accipiter bicolor,
Crane Hawk,Geranospiza caerulescens,
Common Black Hawk,Buteogallus anthracinus,
Great Black Hawk,Buteogallus urubitinga,
Solitary Eagle,Buteogallus solitarius,
Roadside Hawk,Rupornis magnirostris,
Harris's Hawk,Parabuteo unicinctus,
White-tailed Hawk,Geranoaetus albicaudatus,
White Hawk,Pseudastur albicollis,
Gray Hawk,Buteo plagiatus,
Broad-winged Hawk,Buteo platypterus,
Short-tailed Hawk,Buteo brachyurus,
Swainson's Hawk,Buteo swainsoni,
Zone-tailed Hawk,Buteo albonotatus,
Red-tailed Hawk,Buteo jamaicensis,
,,
STRIGIFORMES: Tytonidae,,
Barn Owl,Tyto alba,
,,
STRIGIFORMES: Strigidae,,
Flammulated Owl,Psiloscops flammeolus,
Whiskered Screech-Owl,Megascops trichopsis,
Middle American Screech-Owl,Megascops guatemalae,
Balsas Screech-Owl,Megascops seductus,Endemic (country/region)
Pacific Screech-Owl,Megascops cooperi,
Crested Owl,Lophostrix cristata,
Spectacled Owl,Pulsatrix perspicillata,
Great Horned Owl,Bubo virginianus,
Northern Pygmy-Owl,Glaucidium gnoma,
Central American Pygmy-Owl,Glaucidium griseiceps,
Colima Pygmy-Owl,Glaucidium palmarum,Endemic (country/region)
Ferruginous Pygmy-Owl,Glaucidium brasilianum,
Elf Owl,Micrathene whitneyi,
Burrowing Owl,Athene cunicularia,
Mottled Owl,Strix virgata,
Black-and-white Owl,Strix nigrolineata,
Fulvous Owl,Strix fulvescens,
Long-eared Owl,Asio otus,
Striped Owl,Asio clamator,
Stygian Owl,Asio stygius,
Short-eared Owl,Asio flammeus,Rare/Accidental
Northern Saw-whet Owl,Aegolius acadicus,
,,
TROGONIFORMES: Trogonidae,,
Resplendent Quetzal,Pharomachrus mocinno,
Slaty-tailed Trogon,Trogon massena,
Black-headed Trogon,Trogon melanocephalus,
Citreoline Trogon,Trogon citreolus,Endemic (country/region)
Gartered Trogon,Trogon caligatus,
Elegant Trogon,Trogon elegans,
Mountain Trogon,Trogon mexicanus,
Collared Trogon,Trogon collaris,
,,
CORACIIFORMES: Momotidae,,
Tody Motmot,Hylomanes momotula,
Blue-throated Motmot,Aspatha gularis,
Russet-crowned Motmot,Momotus mexicanus,
Lesson's Motmot,Momotus lessonii,
Keel-billed Motmot,Electron carinatum,
,,
CORACIIFORMES: Alcedinidae,,
Ringed Kingfisher,Megaceryle torquata,
Belted Kingfisher,Megaceryle alcyon,
Amazon Kingfisher,Chloroceryle amazona,
American Pygmy Kingfisher,Chloroceryle aenea,
Green Kingfisher,Chloroceryle americana,
,,
GALBULIFORMES: Bucconidae,,
White-necked Puffbird,Notharchus hyperrhynchus,
,,
GALBULIFORMES: Galbulidae,,
Rufous-tailed Jacamar,Galbula ruficauda,
,,
PICIFORMES: Ramphastidae,,
Northern Emerald-Toucanet,Aulacorhynchus prasinus,
Collared Aracari,Pteroglossus torquatus,
Keel-billed Toucan,Ramphastos sulfuratus,
,,
PICIFORMES: Picidae,,
Williamson's Sapsucker,Sphyrapicus thyroideus,
Yellow-bellied Sapsucker,Sphyrapicus varius,
Acorn Woodpecker,Melanerpes formicivorus,
Black-cheeked Woodpecker,Melanerpes pucherani,
Golden-cheeked Woodpecker,Melanerpes chrysogenys,Endemic (country/region)
Gray-breasted Woodpecker,Melanerpes hypopolius,Endemic (country/region)
Golden-fronted Woodpecker,Melanerpes aurifrons,
Ladder-backed Woodpecker,Dryobates scalaris,
Hairy Woodpecker,Dryobates villosus,
Smoky-brown Woodpecker,Dryobates fumigatus,
Pale-billed Woodpecker,Campephilus guatemalensis,
Lineated Woodpecker,Dryocopus lineatus,
Chestnut-colored Woodpecker,Celeus castaneus,
Golden-olive Woodpecker,Colaptes rubiginosus,
Gray-crowned Woodpecker,Colaptes auricularis,Endemic (country/region)
Northern Flicker,Colaptes auratus,
,,
FALCONIFORMES: Falconidae,,
Laughing Falcon,Herpetotheres cachinnans,
Collared Forest-Falcon,Micrastur semitorquatus,
Barred Forest-Falcon,Micrastur ruficollis,
Crested Caracara,Caracara plancus,
Red-throated Caracara,Ibycter americanus,Extirpated
American Kestrel,Falco sparverius,
Merlin,Falco columbarius,
Aplomado Falcon,Falco femoralis,Rare/Accidental
Bat Falcon,Falco rufigularis,
Orange-breasted Falcon,Falco deiroleucus,
Peregrine Falcon,Falco peregrinus,
Prairie Falcon,Falco mexicanus,
,,
PSITTACIFORMES: Psittacidae,,
Barred Parakeet,Bolborhynchus lineola,
Monk Parakeet,Myiopsitta monachus,Introduced species
Orange-chinned Parakeet,Brotogeris jugularis,
Brown-hooded Parrot,Pyrilia haematotis,
White-crowned Parrot,Pionus senilis,
Lilac-crowned Parrot,Amazona finschi,Endemic (country/region)
Red-lored Parrot,Amazona autumnalis,
Yellow-naped Parrot,Amazona auropalliata,
Yellow-headed Parrot,Amazona oratrix,
White-fronted Parrot,Amazona albifrons,
Mealy Parrot,Amazona farinosa,
Olive-throated Parakeet,Eupsittula nana,
Orange-fronted Parakeet,Eupsittula canicularis,
Military Macaw,Ara militaris,
Scarlet Macaw,Ara macao,Extirpated
Green Parakeet,Psittacara holochlorus,
Pacific Parakeet,Psittacara strenuus,
,,
PASSERIFORMES: Thamnophilidae,,
Great Antshrike,Taraba major,
Barred Antshrike,Thamnophilus doliatus,
Russet Antshrike,Thamnistes anabatinus,
Dot-winged Antwren,Microrhopias quixensis,
Dusky Antbird,Cercomacroides tyrannina,
,,
PASSERIFORMES: Grallariidae,,
Scaled Antpitta,Grallaria guatimalensis,
,,
PASSERIFORMES: Formicariidae,,
Mayan Antthrush,Formicarius moniliger,
Black-faced Antthrush,Formicarius analis,
,,
PASSERIFORMES: Furnariidae,,
Middle American Leaftosser,Sclerurus mexicanus,
Scaly-throated Leaftosser,Sclerurus guatemalensis,
Olivaceous Woodcreeper,Sittasomus griseicapillus,
Ruddy Woodcreeper,Dendrocincla homochroa,
Tawny-winged Woodcreeper,Dendrocincla anabatina,
Wedge-billed Woodcreeper,Glyphorynchus spirurus,
Northern Barred-Woodcreeper,Dendrocolaptes sanctithomae,
Strong-billed Woodcreeper,Xiphocolaptes promeropirhynchus,
Ivory-billed Woodcreeper,Xiphorhynchus flavigaster,
Spotted Woodcreeper,Xiphorhynchus erythropygius,
Streak-headed Woodcreeper,Lepidocolaptes souleyetii,
White-striped Woodcreeper,Lepidocolaptes leucogaster,Endemic (country/region)
Spot-crowned Woodcreeper,Lepidocolaptes affinis,
Plain Xenops,Xenops minutus,
Scaly-throated Foliage-gleaner,Anabacerthia variegaticeps,
Ruddy Foliage-gleaner,Clibanornis rubiginosus,
Fawn-throated Foliage-gleaner,Automolus cervinigularis,
Rufous-breasted Spinetail,Synallaxis erythrothorax,
,,
PASSERIFORMES: Pipridae,,
Long-tailed Manakin,Chiroxiphia linearis,
White-collared Manakin,Manacus candei,
Red-capped Manakin,Ceratopipra mentalis,
,,
PASSERIFORMES: Cotingidae,,
Lovely Cotinga,Cotinga amabilis,
Rufous Piha,Lipaugus unirufus,
,,
PASSERIFORMES: Tityridae,,
Black-crowned Tityra,Tityra inquisitor,
Masked Tityra,Tityra semifasciata,
Northern Schiffornis,Schiffornis veraepacis,
Speckled Mourner,Laniocera rufescens,
Cinnamon Becard,Pachyramphus cinnamomeus,
Gray-collared Becard,Pachyramphus major,
Rose-throated Becard,Pachyramphus aglaiae,
,,
PASSERIFORMES: Oxyruncidae,,
Tropical Royal Flycatcher,Onychorhynchus coronatus,
Ruddy-tailed Flycatcher,Terenotriccus erythrurus,Rare/Accidental
Sulphur-rumped Flycatcher,Myiobius sulphureipygius,
,,
PASSERIFORMES: Tyrannidae,,
Stub-tailed Spadebill,Platyrinchus cancrominus,
Ochre-bellied Flycatcher,Mionectes oleagineus,
Sepia-capped Flycatcher,Leptopogon amaurocephalus,
Northern Bentbill,Oncostoma cinereigulare,
Slate-headed Tody-Flycatcher,Poecilotriccus sylvia,
Common Tody-Flycatcher,Todirostrum cinereum,
Eye-ringed Flatbill,Rhynchocyclus brevirostris,
Yellow-olive Flatbill,Tolmomyias sulphurescens,
Yellow-bellied Tyrannulet,Ornithion semiflavum,
Northern Beardless-Tyrannulet,Camptostoma imberbe,
Greenish Elaenia,Myiopagis viridicata,
Yellow-bellied Elaenia,Elaenia flavogaster,
Guatemalan Tyrannulet,Zimmerius vilissimus,
Pileated Flycatcher,Xenotriccus mexicanus,Endemic (country/region)
Tufted Flycatcher,Mitrephanes phaeocercus,
Olive-sided Flycatcher,Contopus cooperi,
Greater Pewee,Contopus pertinax,
Western Wood-Pewee,Contopus sordidulus,
Northern Tropical Pewee,Contopus bogotensis,
Eastern Wood-Pewee,Contopus virens,
Yellow-bellied Flycatcher,Empidonax flaviventris,
Acadian Flycatcher,Empidonax virescens,
Alder Flycatcher,Empidonax alnorum,
Willow Flycatcher,Empidonax traillii,
White-throated Flycatcher,Empidonax albigularis,
Least Flycatcher,Empidonax minimus,
Hammond's Flycatcher,Empidonax hammondii,
Gray Flycatcher,Empidonax wrightii,
Dusky Flycatcher,Empidonax oberholseri,
Pine Flycatcher,Empidonax affinis,
Western Flycatcher,Empidonax difficilis,
Yellowish Flycatcher,Empidonax flavescens,
Buff-breasted Flycatcher,Empidonax fulvifrons,
Black Phoebe,Sayornis nigricans,
Eastern Phoebe,Sayornis phoebe,Rare/Accidental
Say's Phoebe,Sayornis saya,
Vermilion Flycatcher,Pyrocephalus rubinus,
Flammulated Flycatcher,Ramphotrigon flammulatum,Endemic (country/region)
Bright-rumped Attila,Attila spadiceus,
Rufous Mourner,Rhytipterna holerythra,
Dusky-capped Flycatcher,Myiarchus tuberculifer,
Ash-throated Flycatcher,Myiarchus cinerascens,
Nutting's Flycatcher,Myiarchus nuttingi,
Great Crested Flycatcher,Myiarchus crinitus,
Brown-crested Flycatcher,Myiarchus tyrannulus,
Great Kiskadee,Pitangus sulphuratus,
Boat-billed Flycatcher,Megarynchus pitangua,
Social Flycatcher,Myiozetetes similis,
Streaked Flycatcher,Myiodynastes maculatus,
Sulphur-bellied Flycatcher,Myiodynastes luteiventris,
Piratic Flycatcher,Legatus leucophaius,
Tropical Kingbird,Tyrannus melancholicus,
Couch's Kingbird,Tyrannus couchii,
Cassin's Kingbird,Tyrannus vociferans,
Thick-billed Kingbird,Tyrannus crassirostris,
Western Kingbird,Tyrannus verticalis,
Eastern Kingbird,Tyrannus tyrannus,
Scissor-tailed Flycatcher,Tyrannus forficatus,
Fork-tailed Flycatcher,Tyrannus savana,
,,
PASSERIFORMES: Vireonidae,,
Rufous-browed Peppershrike,Cyclarhis gujanensis,
Chestnut-sided Shrike-Vireo,Vireolanius melitophrys,
Green Shrike-Vireo,Vireolanius pulchellus,
Tawny-crowned Greenlet,Tunchiornis ochraceiceps,
Lesser Greenlet,Pachysylvia decurtata,
Golden Vireo,Vireo hypochryseus,Endemic (country/region)
Slaty Vireo,Vireo brevipennis,Endemic (country/region)
Black-capped Vireo,Vireo atricapilla,
Dwarf Vireo,Vireo nelsoni,Endemic (country/region)
White-eyed Vireo,Vireo griseus,
Mangrove Vireo,Vireo pallens,
Bell's Vireo,Vireo bellii,
Hutton's Vireo,Vireo huttoni,
Yellow-throated Vireo,Vireo flavifrons,
Cassin's Vireo,Vireo cassinii,
Blue-headed Vireo,Vireo solitarius,
Plumbeous Vireo,Vireo plumbeus,
Philadelphia Vireo,Vireo philadelphicus,
Warbling Vireo,Vireo gilvus,
Brown-capped Vireo,Vireo leucophrys,
Red-eyed Vireo,Vireo olivaceus,
Yellow-green Vireo,Vireo flavoviridis,
,,
PASSERIFORMES: Laniidae,,
Loggerhead Shrike,Lanius ludovicianus,
,,
PASSERIFORMES: Corvidae,,
White-throated Jay,Cyanolyca mirabilis,Endemic (country/region)
Dwarf Jay,Cyanolyca nanus,Endemic (country/region)
Azure-hooded Jay,Cyanolyca cucullata,
Black-throated Magpie-Jay,Calocitta colliei,Introduced species
White-throated Magpie-Jay,Calocitta formosa,
Brown Jay,Psilorhinus morio,
Green Jay,Cyanocorax yncas,
Steller's Jay,Cyanocitta stelleri,
Woodhouse's Scrub-Jay,Aphelocoma woodhouseii,
Unicolored Jay,Aphelocoma unicolor,
Common Raven,Corvus corax,
,,
PASSERIFORMES: Paridae,,
Mexican Chickadee,Poecile sclateri,
Bridled Titmouse,Baeolophus wollweberi,
,,
PASSERIFORMES: Alaudidae,,
Horned Lark,Eremophila alpestris,
,,
PASSERIFORMES: Hirundinidae,,
Bank Swallow,Riparia riparia,
Tree Swallow,Tachycineta bicolor,
Mangrove Swallow,Tachycineta albilinea,
Violet-green Swallow,Tachycineta thalassina,
Purple Martin,Progne subis,
Gray-breasted Martin,Progne chalybea,
Northern Rough-winged Swallow,Stelgidopteryx serripennis,
Blue-and-white Swallow,Pygochelidon cyanoleuca,Rare/Accidental
Barn Swallow,Hirundo rustica,
Cliff Swallow,Petrochelidon pyrrhonota,
Cave Swallow,Petrochelidon fulva,
,,
PASSERIFORMES: Aegithalidae,,
Bushtit,Psaltriparus minimus,
,,
PASSERIFORMES: Regulidae,,
Ruby-crowned Kinglet,Corthylio calendula,
Golden-crowned Kinglet,Regulus satrapa,Rare/Accidental
,,
PASSERIFORMES: Sittidae,,
White-breasted Nuthatch,Sitta carolinensis,
Pygmy Nuthatch,Sitta pygmaea,
,,
PASSERIFORMES: Certhiidae,,
Brown Creeper,Certhia americana,
,,
PASSERIFORMES: Polioptilidae,,
Long-billed Gnatwren,Ramphocaenus melanurus,
White-browed Gnatcatcher,Polioptila bilineata,
Blue-gray Gnatcatcher,Polioptila caerulea,
White-lored Gnatcatcher,Polioptila albiloris,
,,
PASSERIFORMES: Troglodytidae,,
Rock Wren,Salpinctes obsoletus,
Canyon Wren,Catherpes mexicanus,
Sumichrast's Wren,Hylorchilus sumichrasti,Endemic (country/region)
Nava's Wren,Hylorchilus navai,Endemic (country/region)
House Wren,Troglodytes aedon,
Sedge Wren,Cistothorus stellaris,
Grass Wren,Cistothorus platensis,
Marsh Wren,Cistothorus palustris,Rare/Accidental
Bewick's Wren,Thryomanes bewickii,
Band-backed Wren,Campylorhynchus zonatus,
Gray-barred Wren,Campylorhynchus megalopterus,Endemic (country/region)
Rufous-naped Wren,Campylorhynchus rufinucha,
Boucard's Wren,Campylorhynchus jocosus,Endemic (country/region)
Spot-breasted Wren,Pheugopedius maculipectus,
Happy Wren,Pheugopedius felix,Endemic (country/region)
Sinaloa Wren,Thryophilus sinaloa,Endemic (country/region)
Banded Wren,Thryophilus pleurostictus,
Cabanis's Wren,Cantorchilus modestus,
White-bellied Wren,Uropsila leucogastra,
White-breasted Wood-Wren,Henicorhina leucosticta,
Gray-breasted Wood-Wren,Henicorhina leucophrys,
,,
PASSERIFORMES: Cinclidae,,
American Dipper,Cinclus mexicanus,
,,
PASSERIFORMES: Mimidae,,
Blue Mockingbird,Melanotis caerulescens,Endemic (country/region)
Gray Catbird,Dumetella carolinensis,
Curve-billed Thrasher,Toxostoma curvirostre,
Ocellated Thrasher,Toxostoma ocellatum,Endemic (country/region)
Tropical Mockingbird,Mimus gilvus,
Northern Mockingbird,Mimus polyglottos,
,,
PASSERIFORMES: Turdidae,,
Eastern Bluebird,Sialia sialis,
Brown-backed Solitaire,Myadestes occidentalis,
Slate-colored Solitaire,Myadestes unicolor,
Orange-billed Nightingale-Thrush,Catharus aurantiirostris,
Russet Nightingale-Thrush,Catharus occidentalis,Endemic (country/region)
Ruddy-capped Nightingale-Thrush,Catharus frantzii,
Black-headed Nightingale-Thrush,Catharus mexicanus,
Yellow-throated Nightingale-Thrush,Catharus dryas,
Veery,Catharus fuscescens,
Gray-cheeked Thrush,Catharus minimus,
Swainson's Thrush,Catharus ustulatus,
Hermit Thrush,Catharus guttatus,
Wood Thrush,Hylocichla mustelina,
Aztec Thrush,Ridgwayia pinicola,Endemic (country/region)
Mountain Thrush,Turdus plebejus,
White-throated Thrush,Turdus assimilis,
Clay-colored Thrush,Turdus grayi,
Black Thrush,Turdus infuscatus,
American Robin,Turdus migratorius,
Rufous-backed Robin,Turdus rufopalliatus,Endemic (country/region)
,,
PASSERIFORMES: Bombycillidae,,
Cedar Waxwing,Bombycilla cedrorum,
,,
PASSERIFORMES: Ptiliogonatidae,,
Gray Silky-flycatcher,Ptiliogonys cinereus,
Phainopepla,Phainopepla nitens,
,,
PASSERIFORMES: Peucedramidae,,
Olive Warbler,Peucedramus taeniatus,
,,
PASSERIFORMES: Estrildidae,,
Tricolored Munia,Lonchura malacca,Introduced species
,,
PASSERIFORMES: Passeridae,,
House Sparrow,Passer domesticus,Introduced species
,,
PASSERIFORMES: Motacillidae,,
Red-throated Pipit,Anthus cervinus,Rare/Accidental
American Pipit,Anthus rubescens,
,,
PASSERIFORMES: Fringillidae,,
Elegant Euphonia,Chlorophonia elegantissima,
Blue-crowned Chlorophonia,Chlorophonia occipitalis,
Scrub Euphonia,Euphonia affinis,
Yellow-throated Euphonia,Euphonia hirundinacea,
Olive-backed Euphonia,Euphonia gouldi,
Hooded Grosbeak,Coccothraustes abeillei,
Evening Grosbeak,Coccothraustes vespertinus,
House Finch,Haemorhous mexicanus,
Cassin's Finch,Haemorhous cassinii,Rare/Accidental
Red Crossbill,Loxia curvirostra,
Pine Siskin,Spinus pinus,
Black-headed Siskin,Spinus notatus,
Lesser Goldfinch,Spinus psaltria,
American Goldfinch,Spinus tristis,
,,
PASSERIFORMES: Passerellidae,,
Common Chlorospingus,Chlorospingus flavopectus,
Cinnamon-tailed Sparrow,Peucaea sumichrasti,Endemic (country/region)
Stripe-headed Sparrow,Peucaea ruficauda,
Black-chested Sparrow,Peucaea humeralis,Endemic (country/region)
Bridled Sparrow,Peucaea mystacalis,Endemic (country/region)
Botteri's Sparrow,Peucaea botterii,
Grasshopper Sparrow,Ammodramus savannarum,
Olive Sparrow,Arremonops rufivirgatus,
Chipping Sparrow,Spizella passerina,
Clay-colored Sparrow,Spizella pallida,
Black-chinned Sparrow,Spizella atrogularis,Rare/Accidental
Lark Sparrow,Chondestes grammacus,
Orange-billed Sparrow,Arremon aurantiirostris,
Chestnut-capped Brushfinch,Arremon brunneinucha,
Yellow-eyed Junco,Junco phaeonotus,
White-crowned Sparrow,Zonotrichia leucophrys,
Striped Sparrow,Oriturus superciliosus,Endemic (country/region)
Vesper Sparrow,Pooecetes gramineus,
Savannah Sparrow,Passerculus sandwichensis,
Lincoln's Sparrow,Melospiza lincolnii,
Rusty-crowned Ground-Sparrow,Melozone kieneri,Endemic (country/region)
Canyon Towhee,Melozone fusca,
White-throated Towhee,Melozone albicollis,Endemic (country/region)
Rusty Sparrow,Aimophila rufescens,
Rufous-crowned Sparrow,Aimophila ruficeps,
Oaxaca Sparrow,Aimophila notosticta,Endemic
Green-tailed Towhee,Pipilo chlorurus,Rare/Accidental
Spotted Towhee,Pipilo maculatus,
Collared Towhee,Pipilo ocai,Endemic (country/region)
Rufous-capped Brushfinch,Atlapetes pileatus,Endemic (country/region)
White-naped Brushfinch,Atlapetes albinucha,
,,
PASSERIFORMES: Icteriidae,,
Yellow-breasted Chat,Icteria virens,
,,
PASSERIFORMES: Icteridae,,
Yellow-headed Blackbird,Xanthocephalus xanthocephalus,Rare/Accidental
Bobolink,Dolichonyx oryzivorus,Rare/Accidental
Eastern Meadowlark,Sturnella magna,
Yellow-billed Cacique,Amblycercus holosericeus,
Yellow-winged Cacique,Cassiculus melanicterus,Endemic (country/region)
Chestnut-headed Oropendola,Psarocolius wagleri,
Montezuma Oropendola,Psarocolius montezuma,
Black-vented Oriole,Icterus wagleri,
Bar-winged Oriole,Icterus maculialatus,
Black-cowled Oriole,Icterus prosthemelas,
Orchard Oriole,Icterus spurius,
Hooded Oriole,Icterus cucullatus,
Yellow-backed Oriole,Icterus chrysater,Rare/Accidental
Yellow-tailed Oriole,Icterus mesomelas,
Streak-backed Oriole,Icterus pustulatus,
Bullock's Oriole,Icterus bullockii,
Spot-breasted Oriole,Icterus pectoralis,
Altamira Oriole,Icterus gularis,
Audubon's Oriole,Icterus graduacauda,
Baltimore Oriole,Icterus galbula,
Black-backed Oriole,Icterus abeillei,Endemic (country/region)
Scott's Oriole,Icterus parisorum,
Red-winged Blackbird,Agelaius phoeniceus,
Bronzed Cowbird,Molothrus aeneus,
Brown-headed Cowbird,Molothrus ater,
Giant Cowbird,Molothrus oryzivorus,
Melodious Blackbird,Dives dives,
Brewer's Blackbird,Euphagus cyanocephalus,
Great-tailed Grackle,Quiscalus mexicanus,
,,
PASSERIFORMES: Parulidae,,
Ovenbird,Seiurus aurocapilla,
Worm-eating Warbler,Helmitheros vermivorum,
Louisiana Waterthrush,Parkesia motacilla,
Northern Waterthrush,Parkesia noveboracensis,
Golden-winged Warbler,Vermivora chrysoptera,Rare/Accidental
Blue-winged Warbler,Vermivora cyanoptera,
Black-and-white Warbler,Mniotilta varia,
Prothonotary Warbler,Protonotaria citrea,
Swainson's Warbler,Limnothlypis swainsonii,Rare/Accidental
Crescent-chested Warbler,Oreothlypis superciliosa,
Tennessee Warbler,Leiothlypis peregrina,
Orange-crowned Warbler,Leiothlypis celata,
Colima Warbler,Leiothlypis crissalis,Rare/Accidental
Lucy's Warbler,Leiothlypis luciae,
Nashville Warbler,Leiothlypis ruficapilla,
Virginia's Warbler,Leiothlypis virginiae,
Gray-crowned Yellowthroat,Geothlypis poliocephala,
MacGillivray's Warbler,Geothlypis tolmiei,
Mourning Warbler,Geothlypis philadelphia,
Kentucky Warbler,Geothlypis formosa,
Common Yellowthroat,Geothlypis trichas,
Hooded Yellowthroat,Geothlypis nelsoni,Endemic (country/region)
Hooded Warbler,Setophaga citrina,
American Redstart,Setophaga ruticilla,
Cape May Warbler,Setophaga tigrina,Rare/Accidental
Cerulean Warbler,Setophaga cerulea,
Northern Parula,Setophaga americana,
Tropical Parula,Setophaga pitiayumi,
Magnolia Warbler,Setophaga magnolia,
Bay-breasted Warbler,Setophaga castanea,Rare/Accidental
Blackburnian Warbler,Setophaga fusca,
Yellow Warbler,Setophaga petechia,
Chestnut-sided Warbler,Setophaga pensylvanica,
Blackpoll Warbler,Setophaga striata,Rare/Accidental
Black-throated Blue Warbler,Setophaga caerulescens,
Palm Warbler,Setophaga palmarum,
Yellow-rumped Warbler,Setophaga coronata,
Yellow-throated Warbler,Setophaga dominica,
Prairie Warbler,Setophaga discolor,Rare/Accidental
Grace's Warbler,Setophaga graciae,
Black-throated Gray Warbler,Setophaga nigrescens,
Townsend's Warbler,Setophaga townsendi,
Hermit Warbler,Setophaga occidentalis,
Golden-cheeked Warbler,Setophaga chrysoparia,
Black-throated Green Warbler,Setophaga virens,
Fan-tailed Warbler,Basileuterus lachrymosus,
Rufous-capped Warbler,Basileuterus rufifrons,
Chestnut-capped Warbler,Basileuterus delattrii,
Golden-browed Warbler,Basileuterus belli,
Golden-crowned Warbler,Basileuterus culicivorus,
Canada Warbler,Cardellina canadensis,
Wilson's Warbler,Cardellina pusilla,
Red-faced Warbler,Cardellina rubrifrons,
Red Warbler,Cardellina rubra,Endemic (country/region)
Painted Redstart,Myioborus pictus,
Slate-throated Redstart,Myioborus miniatus,
,,
PASSERIFORMES: Cardinalidae,,
Hepatic Tanager,Piranga flava,
Summer Tanager,Piranga rubra,
Scarlet Tanager,Piranga olivacea,
Western Tanager,Piranga ludoviciana,
Flame-colored Tanager,Piranga bidentata,
White-winged Tanager,Piranga leucoptera,
Red-headed Tanager,Piranga erythrocephala,Endemic (country/region)
Red-crowned Ant-Tanager,Habia rubica,
Red-throated Ant-Tanager,Habia fuscicauda,
Black-faced Grosbeak,Caryothraustes poliogaster,
Northern Cardinal,Cardinalis cardinalis,
Yellow Grosbeak,Pheucticus chrysopeplus,
Rose-breasted Grosbeak,Pheucticus ludovicianus,
Black-headed Grosbeak,Pheucticus melanocephalus,
Red-breasted Chat,Granatellus venustus,Endemic (country/region)
Gray-throated Chat,Granatellus sallaei,
Blue Seedeater,Amaurospiza concolor,
Blue-black Grosbeak,Cyanoloxia cyanoides,
Blue Bunting,Cyanocompsa parellina,
Blue Grosbeak,Passerina caerulea,
Lazuli Bunting,Passerina amoena,Rare/Accidental
Indigo Bunting,Passerina cyanea,
Rose-bellied Bunting,Passerina rositae,Endemic (country/region)
Orange-breasted Bunting,Passerina leclancherii,Endemic (country/region)
Varied Bunting,Passerina versicolor,
Painted Bunting,Passerina ciris,
Dickcissel,Spiza americana,
,,
PASSERIFORMES: Thraupidae,,
Gray-headed Tanager,Eucometis penicillata,
Black-throated Shrike-Tanager,Lanio aurantius,
Crimson-collared Tanager,Ramphocelus sanguinolentus,
Scarlet-rumped Tanager,Ramphocelus passerinii,
Blue-gray Tanager,Thraupis episcopus,
Yellow-winged Tanager,Thraupis abbas,
Golden-hooded Tanager,Stilpnia larvata,
Shining Honeycreeper,Cyanerpes lucidus,Rare/Accidental
Red-legged Honeycreeper,Cyanerpes cyaneus,
Green Honeycreeper,Chlorophanes spiza,
Cinnamon-bellied Flowerpiercer,Diglossa baritula,
Slaty Finch,Haplospiza rustica,
Blue-black Grassquit,Volatinia jacarina,
Ruddy-breasted Seedeater,Sporophila minuta,
Thick-billed Seed-Finch,Sporophila funerea,
Variable Seedeater,Sporophila corvina,
Morelet's Seedeater,Sporophila morelleti,
Cinnamon-rumped Seedeater,Sporophila torqueola,
Bananaquit,Coereba flaveola,
Yellow-faced Grassquit,Tiaris olivaceus,
Buff-throated Saltator,Saltator maximus,
Black-headed Saltator,Saltator atriceps,
Cinnamon-bellied Saltator,Saltator grandis,
