CommonName,ScientificName2023,Notes
CASUARIIFORMES: Casuariidae,,
Southern Cassowary,Casuarius casuarius,Introduced species
Dwarf Cassowary,Casuarius bennetti,Introduced species
,,
ANSERIFORMES: Anseranatidae,,
Magpie Goose,Anseranas semipalmata,
,,
ANSERIFORMES: Anatidae,,
Spotted Whistling-Duck,Dendrocygna guttata,
Wandering Whistling-Duck,Dendrocygna arcuata,
Radjah Shelduck,Radjah radjah,
Green Pygmy-Goose,Nettapus pulchellus,
Garganey,Spatula querquedula,
Pacific Black Duck,Anas superciliosa,
Sunda Teal,Anas gibberifrons,
Gray Teal,Anas gracilis,
Hardhead,Aythya australis,
,,
GALLIFORMES: Megapodiidae,,
Yellow-legged Brushturkey,Talegalla fuscirostris,
Moluccan Megapode,Eulipoa wallacei,Endemic (country/region)
Tanimbar Megapode,Megapodius tenimberensis,Endemic
Dusky Megapode,Megapodius freycinet,
Orange-footed Megapode,Megapodius reinwardt,
,,
GALLIFORMES: Phasianidae,,
Green Junglefowl,Gallus varius,Endemic (country/region)
Brown Quail,Synoicus ypsilophorus,
Blue-breasted Quail,Synoicus chinensis,
,,
PODICIPEDIFORMES: Podicipedidae,,
Little Grebe,Tachybaptus ruficollis,
Australasian Grebe,Tachybaptus novaehollandiae,
Great Crested Grebe,Podiceps cristatus,Rare/Accidental
,,
COLUMBIFORMES: Columbidae,,
Rock Pigeon,Columba livia,Introduced species
Metallic Pigeon,Columba vitiensis,
Sunda Collared-Dove,Streptopelia bitorquata,
Spotted Dove,Spilopelia chinensis,Introduced species
Flores Sea Cuckoo-Dove,Macropygia macassariensis,
Timor Cuckoo-Dove,Macropygia magna,Endemic (country/region)
Tanimbar Cuckoo-Dove,Macropygia timorlaoensis,Endemic
Amboyna Cuckoo-Dove,Macropygia amboinensis,
Sultan's Cuckoo-Dove,Macropygia doreya,
Little Cuckoo-Dove,Macropygia ruficeps,
Great Cuckoo-Dove,Reinwardtoena reinwardti,
Slaty Cuckoo-Dove,Turacoena modesta,Endemic (country/region)
Asian Emerald Dove,Chalcophaps indica,
Pacific Emerald Dove,Chalcophaps longirostris,
Stephan's Dove,Chalcophaps stephani,
New Guinea Bronzewing,Henicophaps albifrons,
Wetar Ground Dove,Pampusana hoedtii,Endemic (country/region)
Zebra Dove,Geopelia striata,Introduced species
Peaceful Dove,Geopelia placida,Introduced species
Barred Dove,Geopelia maugeus,Endemic (country/region)
Nicobar Pigeon,Caloenas nicobarica,
Cinnamon Ground Dove,Gallicolumba rufigula,
Pheasant Pigeon,Otidiphaps nobilis,
Western Crowned-Pigeon,Goura cristata,Introduced species
Pink-necked Green-Pigeon,Treron vernans,
Buru Green-Pigeon,Treron aromaticus,
Gray-cheeked Green-Pigeon,Treron griseicauda,Endemic (country/region)
Timor Green-Pigeon,Treron psittaceus,Endemic (country/region)
Black-backed Fruit-Dove,Ptilinopus cinctus,Endemic (country/region)
Scarlet-breasted Fruit-Dove,Ptilinopus bernsteinii,Endemic (country/region)
Pink-spotted Fruit-Dove,Ptilinopus perlatus,
Orange-fronted Fruit-Dove,Ptilinopus aurantiifrons,
Wallace's Fruit-Dove,Ptilinopus wallacii,Endemic (country/region)
Superb Fruit-Dove,Ptilinopus superbus,
Rose-crowned Fruit-Dove,Ptilinopus regina,
Coroneted Fruit-Dove,Ptilinopus coronulatus,
Blue-capped Fruit-Dove,Ptilinopus monacha,Endemic (country/region)
White-breasted Fruit-Dove,Ptilinopus rivoli,
Claret-breasted Fruit-Dove,Ptilinopus viridis,
Orange-bellied Fruit-Dove,Ptilinopus iozonus,
Gray-headed Fruit-Dove,Ptilinopus hyogastrus,Endemic (country/region)
Black-naped Fruit-Dove,Ptilinopus melanospilus,
White-bellied Imperial-Pigeon,Ducula forsteni,
Green Imperial-Pigeon,Ducula aenea,
Spectacled Imperial-Pigeon,Ducula perspicillata,
Seram Imperial-Pigeon,Ducula neglecta,Endemic (country/region)
Elegant Imperial-Pigeon,Ducula concinna,Endemic (country/region)
Cinnamon-bellied Imperial-Pigeon,Ducula basilica,Endemic (country/region)
Pink-headed Imperial-Pigeon,Ducula rosacea,Endemic (country/region)
Pinon's Imperial-Pigeon,Ducula pinon,
Collared Imperial-Pigeon,Ducula mullerii,
Zoe's Imperial-Pigeon,Ducula zoeae,
Timor Imperial-Pigeon,Ducula cineracea,Endemic (country/region)
Pied Imperial-Pigeon,Ducula bicolor,
Torresian Imperial-Pigeon,Ducula spilorrhoa,
Buru Mountain-Pigeon,Gymnophaps mada,Endemic
Seram Mountain-Pigeon,Gymnophaps stalkeri,Endemic
,,
CUCULIFORMES: Cuculidae,,
Greater Black Coucal,Centropus menbeki,
Greater Coucal,Centropus sinensis,
Goliath Coucal,Centropus goliath,Endemic (country/region)
Lesser Coucal,Centropus bengalensis,
Pheasant Coucal,Centropus phasianinus,
Raffles's Malkoha,Rhinortha chlorophaea,
Chestnut-bellied Malkoha,Phaenicophaeus sumatranus,
Asian Koel,Eudynamys scolopaceus,
Pacific Koel,Eudynamys orientalis,
Channel-billed Cuckoo,Scythrops novaehollandiae,
Long-billed Cuckoo,Chrysococcyx megarhynchus,
Horsfield's Bronze-Cuckoo,Chrysococcyx basalis,
Black-eared Cuckoo,Chrysococcyx osculans,
Shining Bronze-Cuckoo,Chrysococcyx lucidus,
Little Bronze-Cuckoo,Chrysococcyx minutillus,
Pallid Cuckoo,Cacomantis pallidus,
Chestnut-breasted Cuckoo,Cacomantis castaneiventris,
Fan-tailed Cuckoo,Cacomantis flabelliformis,
Plaintive Cuckoo,Cacomantis merulinus,
Moluccan Cuckoo,Cacomantis aeruginosus,
Brush Cuckoo,Cacomantis variolosus,
Moluccan Drongo-Cuckoo,Surniculus musschenbroeki,
Large Hawk-Cuckoo,Hierococcyx sparverioides,
Northern Hawk-Cuckoo,Hierococcyx hyperythrus,
Hodgson's Hawk-Cuckoo,Hierococcyx nisicolor,
Himalayan Cuckoo,Cuculus saturatus,
Sunda Cuckoo,Cuculus lepidus,Introduced species
Oriental Cuckoo,Cuculus optatus,
,,
CAPRIMULGIFORMES: Podargidae,,
Marbled Frogmouth,Podargus ocellatus,
Papuan Frogmouth,Podargus papuensis,
,,
CAPRIMULGIFORMES: Caprimulgidae,,
Spotted Nightjar,Eurostopodus argus,
Archbold's Nightjar,Eurostopodus archboldi,
Large-tailed Nightjar,Caprimulgus macrurus,
Sulawesi Nightjar,Caprimulgus celebensis,Endemic (country/region)
Savanna Nightjar,Caprimulgus affinis,
,,
CAPRIMULGIFORMES: Aegothelidae,,
Wallace's Owlet-nightjar,Aegotheles wallacii,
Mountain Owlet-nightjar,Aegotheles albertisi,
Moluccan Owlet-nightjar,Aegotheles crinifrons,Endemic (country/region)
Vogelkop Owlet-nightjar,Aegotheles affinis,
Barred Owlet-nightjar,Aegotheles bennettii,
,,
CAPRIMULGIFORMES: Apodidae,,
Silver-rumped Spinetail,Rhaphidura leucopygialis,
White-throated Needletail,Hirundapus caudacutus,
Drab Swiftlet,Collocalia neglecta,
Glossy Swiftlet,Collocalia esculenta,
Halmahera Swiftlet,Aerodramus infuscatus,Endemic (country/region)
Seram Swiftlet,Aerodramus ceramensis,Endemic (country/region)
Uniform Swiftlet,Aerodramus vanikorensis,
White-nest Swiftlet,Aerodramus fuciphagus,
Pacific Swift,Apus pacificus,
House Swift,Apus nipalensis,
Asian Palm Swift,Cypsiurus balasiensis,Introduced species
,,
CAPRIMULGIFORMES: Hemiprocnidae,,
Gray-rumped Treeswift,Hemiprocne longipennis,
Moustached Treeswift,Hemiprocne mystacea,
,,
GRUIFORMES: Rallidae,,
Bare-eyed Rail,Gymnocrex plumbeiventris,
Invisible Rail,Gallirallus wallacii,Endemic (country/region)
Chestnut Rail,Gallirallus castaneoventris,
Buff-banded Rail,Gallirallus philippensis,
Eurasian Moorhen,Gallinula chloropus,
Dusky Moorhen,Gallinula tenebrosa,
Eurasian Coot,Fulica atra,
Black-backed Swamphen,Porphyrio indicus,Endemic (country/region)
Australasian Swamphen,Porphyrio melanotus,
White-browed Crake,Poliolimnas cinereus,
White-breasted Waterhen,Amaurornis phoenicurus,
Pale-vented Bush-hen,Amaurornis moluccana,
Red-necked Crake,Rallina tricolor,
Red-legged Crake,Rallina fasciata,
Baillon's Crake,Zapornia pusilla,
Spotless Crake,Zapornia tabuensis,
,,
CHARADRIIFORMES: Burhinidae,,
Beach Thick-knee,Esacus magnirostris,
,,
CHARADRIIFORMES: Recurvirostridae,,
Pied Stilt,Himantopus leucocephalus,
,,
CHARADRIIFORMES: Haematopodidae,,
Pied Oystercatcher,Haematopus longirostris,
,,
CHARADRIIFORMES: Charadriidae,,
Black-bellied Plover,Pluvialis squatarola,
Pacific Golden-Plover,Pluvialis fulva,
Little Ringed Plover,Charadrius dubius,
Javan Lapwing,Vanellus macropterus,Endemic (country/region)
Masked Lapwing,Vanellus miles,
Oriental Plover,Anarhynchus veredus,
Siberian Sand-Plover,Anarhynchus mongolus,
Greater Sand-Plover,Anarhynchus leschenaultii,
Red-capped Plover,Anarhynchus ruficapillus,
Malaysian Plover,Anarhynchus peronii,
,,
CHARADRIIFORMES: Rostratulidae,,
Greater Painted-Snipe,Rostratula benghalensis,
,,
CHARADRIIFORMES: Jacanidae,,
Comb-crested Jacana,Irediparra gallinacea,
,,
CHARADRIIFORMES: Scolopacidae,,
Whimbrel,Numenius phaeopus,
Little Curlew,Numenius minutus,
Far Eastern Curlew,Numenius madagascariensis,
Eurasian Curlew,Numenius arquata,
Bar-tailed Godwit,Limosa lapponica,
Black-tailed Godwit,Limosa limosa,
Asian Dowitcher,Limnodromus semipalmatus,
Swinhoe's Snipe,Gallinago megala,
Pin-tailed Snipe,Gallinago stenura,
Common Snipe,Gallinago gallinago,
Red-necked Phalarope,Phalaropus lobatus,
Terek Sandpiper,Xenus cinereus,
Common Sandpiper,Actitis hypoleucos,
Green Sandpiper,Tringa ochropus,
Gray-tailed Tattler,Tringa brevipes,
Wandering Tattler,Tringa incana,
Marsh Sandpiper,Tringa stagnatilis,
Wood Sandpiper,Tringa glareola,
Common Redshank,Tringa totanus,
Common Greenshank,Tringa nebularia,
Ruddy Turnstone,Arenaria interpres,
Great Knot,Calidris tenuirostris,
Red Knot,Calidris canutus,
Ruff,Calidris pugnax,
Broad-billed Sandpiper,Calidris falcinellus,
Sharp-tailed Sandpiper,Calidris acuminata,
Curlew Sandpiper,Calidris ferruginea,
Long-toed Stint,Calidris subminuta,
Red-necked Stint,Calidris ruficollis,
Sanderling,Calidris alba,
Pectoral Sandpiper,Calidris melanotos,Rare/Accidental
,,
CHARADRIIFORMES: Turnicidae,,
Red-backed Buttonquail,Turnix maculosus,
,,
CHARADRIIFORMES: Glareolidae,,
Australian Pratincole,Stiltia isabella,
Oriental Pratincole,Glareola maldivarum,
,,
CHARADRIIFORMES: Stercorariidae,,
Long-tailed Jaeger,Stercorarius longicaudus,
Parasitic Jaeger,Stercorarius parasiticus,Rare/Accidental
Pomarine Jaeger,Stercorarius pomarinus,
,,
CHARADRIIFORMES: Laridae,,
Sabine's Gull,Xema sabini,Rare/Accidental
Black-headed Gull,Chroicocephalus ridibundus,
Lesser Black-backed Gull,Larus fuscus,Rare/Accidental
Brown Noddy,Anous stolidus,
Black Noddy,Anous minutus,
Aleutian Tern,Onychoprion aleuticus,
Sooty Tern,Onychoprion fuscatus,
Bridled Tern,Onychoprion anaethetus,
Little Tern,Sternula albifrons,
Gull-billed Tern,Gelochelidon nilotica,
Australian Tern,Gelochelidon macrotarsa,
Caspian Tern,Hydroprogne caspia,
Whiskered Tern,Chlidonias hybrida,
White-winged Tern,Chlidonias leucopterus,
Common Tern,Sterna hirundo,
Black-naped Tern,Sterna sumatrana,
Roseate Tern,Sterna dougallii,
Lesser Crested Tern,Thalasseus bengalensis,
Great Crested Tern,Thalasseus bergii,
Chinese Crested Tern,Thalasseus bernsteini,
,,
PHAETHONTIFORMES: Phaethontidae,,
White-tailed Tropicbird,Phaethon lepturus,
Red-tailed Tropicbird,Phaethon rubricauda,
,,
PROCELLARIIFORMES: Oceanitidae,,
Wilson's Storm-Petrel,Oceanites oceanicus,
,,
PROCELLARIIFORMES: Hydrobatidae,,
Swinhoe's Storm-Petrel,Hydrobates monorhis,
Matsudaira's Storm-Petrel,Hydrobates matsudairae,
,,
PROCELLARIIFORMES: Procellariidae,,
Cape Petrel,Daption capense,Rare/Accidental
Bulwer's Petrel,Bulweria bulwerii,
Tahiti Petrel,Pseudobulweria rostrata,
Streaked Shearwater,Calonectris leucomelas,
Flesh-footed Shearwater,Ardenna carneipes,
Wedge-tailed Shearwater,Ardenna pacifica,
Sooty Shearwater,Ardenna grisea,
Tropical Shearwater,Puffinus bailloni,
Heinroth's Shearwater,Puffinus heinrothi,Rare/Accidental
,,
CICONIIFORMES: Ciconiidae,,
Asian Woolly-necked Stork,Ciconia episcopus,
Black-necked Stork,Ephippiorhynchus asiaticus,
,,
SULIFORMES: Fregatidae,,
Lesser Frigatebird,Fregata ariel,
Great Frigatebird,Fregata minor,
,,
SULIFORMES: Sulidae,,
Abbott's Booby,Papasula abbotti,
Red-footed Booby,Sula sula,
Brown Booby,Sula leucogaster,
Masked Booby,Sula dactylatra,
,,
SULIFORMES: Anhingidae,,
Oriental Darter,Anhinga melanogaster,
Australasian Darter,Anhinga novaehollandiae,
,,
SULIFORMES: Phalacrocoracidae,,
Little Pied Cormorant,Microcarbo melanoleucos,
Great Cormorant,Phalacrocorax carbo,
Little Black Cormorant,Phalacrocorax sulcirostris,
,,
PELECANIFORMES: Pelecanidae,,
Australian Pelican,Pelecanus conspicillatus,
,,
PELECANIFORMES: Ardeidae,,
Black Bittern,Ixobrychus flavicollis,
Cinnamon Bittern,Ixobrychus cinnamomeus,
Yellow Bittern,Ixobrychus sinensis,
Black-crowned Night Heron,Nycticorax nycticorax,
Nankeen Night Heron,Nycticorax caledonicus,
Pacific Reef-Heron,Egretta sacra,
Little Egret,Egretta garzetta,
Pied Heron,Egretta picata,
White-faced Heron,Egretta novaehollandiae,
Striated Heron,Butorides striata,
Forest Bittern,Zonerodius heliosylus,
Javan Pond-Heron,Ardeola speciosa,
Eastern Cattle Egret,Bubulcus coromandus,
Pacific Heron,Ardea pacifica,
Great Egret,Ardea alba,
Medium Egret,Ardea intermedia,
Plumed Egret,Ardea plumifera,
Purple Heron,Ardea purpurea,
Great-billed Heron,Ardea sumatrana,
,,
PELECANIFORMES: Threskiornithidae,,
Glossy Ibis,Plegadis falcinellus,
Australian Ibis,Threskiornis molucca,
Straw-necked Ibis,Threskiornis spinicollis,
Royal Spoonbill,Platalea regia,
Yellow-billed Spoonbill,Platalea flavipes,Rare/Accidental
,,
ACCIPITRIFORMES: Pandionidae,,
Osprey,Pandion haliaetus,
,,
ACCIPITRIFORMES: Accipitridae,,
Black-winged Kite,Elanus caeruleus,
Oriental Honey-buzzard,Pernis ptilorhynchus,
Long-tailed Honey-buzzard,Henicopernis longicauda,
Pacific Baza,Aviceda subcristata,
Short-toed Snake-Eagle,Circaetus gallicus,
Black Eagle,Ictinaetus malaiensis,
Booted Eagle,Hieraaetus pennatus,
Pygmy Eagle,Hieraaetus weiskei,
Gurney's Eagle,Aquila gurneyi,
Bonelli's Eagle,Aquila fasciata,
Gray-faced Buzzard,Butastur indicus,
Spotted Harrier,Circus assimilis,
Chinese Sparrowhawk,Accipiter soloensis,
Variable Goshawk,Accipiter hiogaster,
Brown Goshawk,Accipiter fasciatus,
Moluccan Goshawk,Accipiter henicogrammus,Endemic (country/region)
Gray-headed Goshawk,Accipiter poliocephalus,
Japanese Sparrowhawk,Accipiter gularis,
Besra,Accipiter virgatus,
Rufous-necked Sparrowhawk,Accipiter erythrauchen,Endemic (country/region)
Collared Sparrowhawk,Accipiter cirrocephalus,
Meyer's Goshawk,Accipiter meyerianus,
Black Kite,Milvus migrans,
Brahminy Kite,Haliastur indus,
White-bellied Sea-Eagle,Icthyophaga leucogaster,
Lesser Fish-Eagle,Icthyophaga humilis,
,,
STRIGIFORMES: Tytonidae,,
Seram Masked-Owl,Tyto almae,Endemic
Lesser Masked-Owl,Tyto sororcula,Endemic (country/region)
Barn Owl,Tyto alba,
,,
STRIGIFORMES: Strigidae,,
Moluccan Scops-Owl,Otus magicus,
Wetar Scops-Owl,Otus tempestatis,Endemic
Rufous Owl,Ninox rufa,
Barking Owl,Ninox connivens,
Southern Boobook,Ninox boobook,
Brown Boobook,Ninox scutulata,
Northern Boobook,Ninox japonica,
Halmahera Boobook,Ninox hypogramma,Endemic (country/region)
Tanimbar Boobook,Ninox forbesi,Endemic
Seram Boobook,Ninox squamipila,Endemic
Buru Boobook,Ninox hantu,Endemic
,,
BUCEROTIFORMES: Bucerotidae,,
Rhinoceros Hornbill,Buceros rhinoceros,
Wreathed Hornbill,Rhyticeros undulatus,
Blyth's Hornbill,Rhyticeros plicatus,
,,
CORACIIFORMES: Alcedinidae,,
Common Kingfisher,Alcedo atthis,
Azure Kingfisher,Ceyx azureus,
Little Kingfisher,Ceyx pusillus,
Black-backed Dwarf-Kingfisher,Ceyx erithaca,
Moluccan Dwarf-Kingfisher,Ceyx lepidus,Endemic
Buru Dwarf-Kingfisher,Ceyx cajeli,Endemic
Papuan Dwarf-Kingfisher,Ceyx solitarius,
Spangled Kookaburra,Dacelo tyro,
Rufous-bellied Kookaburra,Dacelo gaudichaud,
Blue-and-white Kingfisher,Todiramphus diops,Endemic (country/region)
Lazuli Kingfisher,Todiramphus lazuli,Endemic (country/region)
Forest Kingfisher,Todiramphus macleayii,
Torresian Kingfisher,Todiramphus sordidus,
Sacred Kingfisher,Todiramphus sanctus,
Collared Kingfisher,Todiramphus chloris,
Beach Kingfisher,Todiramphus saurophagus,
Sombre Kingfisher,Todiramphus funebris,Endemic (country/region)
Cinnamon-banded Kingfisher,Todiramphus australasia,Endemic (country/region)
Yellow-billed Kingfisher,Syma torotoro,
Little Paradise-Kingfisher,Tanysiptera hydrocharis,
Common Paradise-Kingfisher,Tanysiptera galatea,
,,
CORACIIFORMES: Meropidae,,
Blue-throated Bee-eater,Merops viridis,
Blue-tailed Bee-eater,Merops philippinus,
Rainbow Bee-eater,Merops ornatus,
,,
CORACIIFORMES: Coraciidae,,
Dollarbird,Eurystomus orientalis,
Azure Roller,Eurystomus azureus,Endemic (country/region)
,,
PICIFORMES: Megalaimidae,,
Red-crowned Barbet,Psilopogon rafflesii,
,,
PICIFORMES: Picidae,,
Rufous Piculet,Sasia abnormis,
,,
FALCONIFORMES: Falconidae,,
Spotted Kestrel,Falco moluccensis,
Nankeen Kestrel,Falco cenchroides,
Oriental Hobby,Falco severus,
Australian Hobby,Falco longipennis,
Peregrine Falcon,Falco peregrinus,
,,
PSITTACIFORMES: Cacatuidae,,
Palm Cockatoo,Probosciger aterrimus,
Tanimbar Corella,Cacatua goffiniana,
White Cockatoo,Cacatua alba,Endemic (country/region)
Salmon-crested Cockatoo,Cacatua moluccensis,Endemic (country/region)
Sulphur-crested Cockatoo,Cacatua galerita,
,,
PSITTACIFORMES: Psittaculidae,,
Yellow-capped Pygmy-Parrot,Micropsitta keiensis,
Red-breasted Pygmy-Parrot,Micropsitta bruijnii,
Moluccan King-Parrot,Alisterus amboinensis,Endemic (country/region)
Olive-shouldered Parrot,Aprosmictus jonquillaceus,Endemic (country/region)
Buru Racquet-tail,Prioniturus mada,Endemic
Moluccan Eclectus,Eclectus roratus,
Tanimbar Eclectus,Eclectus riedeli,Endemic
Papuan Eclectus,Eclectus polychloros,
Red-cheeked Parrot,Geoffroyus geoffroyi,
Black-lored Parrot,Tanygnathus gramineus,Endemic
Great-billed Parrot,Tanygnathus megalorynchos,
Blue-naped Parrot,Tanygnathus lucionensis,
Dusky-cheeked Fig-Parrot,Cyclopsitta melanogenia,
Double-eyed Fig-Parrot,Cyclopsitta diophthalma,
Red-flanked Lorikeet,Hypocharmosyna placentis,
Blue-fronted Lorikeet,Charmosynopsis toxopei,Endemic
Chattering Lory,Lorius garrulus,Endemic (country/region)
Purple-naped Lory,Lorius domicella,Endemic (country/region)
Yellow-streaked Lory,Chalcopsitta scintillata,
Iris Lorikeet,Saudareos iris,Endemic (country/region)
Blue-streaked Lory,Eos reticulata,Introduced species
Blue-eared Lory,Eos semilarvata,Endemic
Red Lory,Eos bornea,Endemic (country/region)
Red-and-blue Lory,Eos histrio,Endemic (country/region)
Violet-necked Lory,Eos squamata,Endemic (country/region)
Coconut Lorikeet,Trichoglossus haematodus,
Olive-headed Lorikeet,Trichoglossus euteles,Endemic (country/region)
Marigold Lorikeet,Trichoglossus capistratus,
Moluccan Hanging-Parrot,Loriculus amabilis,
,,
PASSERIFORMES: Eurylaimidae,,
Black-and-red Broadbill,Cymbirhynchus macrorhynchos,
Black-and-yellow Broadbill,Eurylaimus ochromalus,
,,
PASSERIFORMES: Pittidae,,
North Moluccan Pitta,Erythropitta rufiventris,
South Moluccan Pitta,Erythropitta rubrinucha,
South Papuan Pitta,Erythropitta macklotii,
Eastern Hooded Pitta,Pitta novaeguineae,
Ivory-breasted Pitta,Pitta maxima,Endemic (country/region)
Elegant Pitta,Pitta elegans,
Banda Sea Pitta,Pitta vigorsii,
,,
PASSERIFORMES: Ptilonorhynchidae,,
Black-eared Catbird,Ailuroedus melanotis,
,,
PASSERIFORMES: Maluridae,,
Wallace's Fairywren,Sipodotus wallacii,
Emperor Fairywren,Malurus cyanocephalus,
,,
PASSERIFORMES: Meliphagidae,,
Streak-headed Honeyeater,Pycnopygius stictocephalus,
Puff-backed Honeyeater,Meliphaga aruensis,
Streak-breasted Honeyeater,Territornis reticulata,Endemic (country/region)
Mimic Honeyeater,Microptilotis analogus,
Graceful Honeyeater,Microptilotis gracilis,
Brown-backed Honeyeater,Ramsayornis modestus,
Rufous-banded Honeyeater,Conopophila albogularis,
Long-billed Honeyeater,Melilestes megarhynchus,
Seram Myzomela,Myzomela blasii,Endemic (country/region)
Dusky Myzomela,Myzomela obscura,
Papuan Black Myzomela,Myzomela nigrita,
Crimson-hooded Myzomela,Myzomela kuehni,Endemic
Red-headed Myzomela,Myzomela erythrocephala,
Wakolo Myzomela,Myzomela wakoloensis,Endemic (country/region)
Banda Myzomela,Myzomela boiei,Endemic (country/region)
Black-breasted Myzomela,Myzomela vulnerata,Endemic (country/region)
Green-backed Honeyeater,Glycichaera fallax,
Olive Honeyeater,Lichmera argentauris,Endemic (country/region)
Brown Honeyeater,Lichmera indistincta,
White-tufted Honeyeater,Lichmera squamata,Endemic (country/region)
Buru Honeyeater,Lichmera deningeri,Endemic
Seram Honeyeater,Lichmera monticola,Endemic
Black-chested Honeyeater,Lichmera notabilis,Endemic
Tawny-breasted Honeyeater,Xanthotis flaviventer,
White-streaked Friarbird,Melitograis gilolensis,Endemic (country/region)
Little Friarbird,Philemon citreogularis,
Timor Friarbird,Philemon inornatus,Endemic (country/region)
Gray Friarbird,Philemon kisserensis,Endemic (country/region)
Morotai Friarbird,Philemon fuscicapillus,Endemic (country/region)
Buru Friarbird,Philemon moluccensis,Endemic
Tanimbar Friarbird,Philemon plumigenis,
Seram Friarbird,Philemon subcorniculatus,Endemic
Helmeted Friarbird,Philemon buceroides,
,,
PASSERIFORMES: Acanthizidae,,
Rusty Mouse-Warbler,Crateroscelis murina,
Tropical Scrubwren,Sericornis beccarii,
Large Scrubwren,Sericornis nouhuysi,
Pale-billed Scrubwren,Aethomyias spilodera,
Yellow-bellied Gerygone,Gerygone chrysogaster,
Green-backed Gerygone,Gerygone chloronota,
Fairy Gerygone,Gerygone palpebrosa,
Large-billed Gerygone,Gerygone magnirostris,
Plain Gerygone,Gerygone inornata,Endemic (country/region)
Rufous-sided Gerygone,Gerygone dorsalis,
Golden-bellied Gerygone,Gerygone sulphurea,
,,
PASSERIFORMES: Campephagidae,,
Scarlet Minivet,Pericrocotus speciosus,
Stout-billed Cuckooshrike,Coracina caeruleogrisea,
Pied Cuckooshrike,Coracina bicolor,Endemic (country/region)
Barred Cuckooshrike,Coracina lineata,
Black-faced Cuckooshrike,Coracina novaehollandiae,
White-bellied Cuckooshrike,Coracina papuensis,
Moluccan Cuckooshrike,Coracina atriceps,Endemic (country/region)
Wallacean Cuckooshrike,Coracina personata,Endemic (country/region)
Buru Cuckooshrike,Coracina fortis,Endemic
White-shouldered Triller,Lalage sueurii,Endemic (country/region)
Black-browed Triller,Lalage atrovirens,
White-browed Triller,Lalage moesta,Endemic
Varied Triller,Lalage leucomela,
White-rumped Triller,Lalage leucopygialis,Endemic (country/region)
Rufous-bellied Triller,Lalage aurea,Endemic (country/region)
Halmahera Cuckooshrike,Celebesia parvula,Endemic (country/region)
Pale Cicadabird,Edolisoma ceramense,Endemic (country/region)
Kai Cicadabird,Edolisoma dispar,
Common Cicadabird,Edolisoma tenuirostre,
Gray-headed Cicadabird,Edolisoma schisticeps,
Black Cicadabird,Edolisoma melas,
,,
PASSERIFORMES: Eulacestomatidae,,
Wattled Ploughbill,Eulacestoma nigropectus,
,,
PASSERIFORMES: Vireonidae,,
White-bellied Erpornis,Erpornis zantholeuca,
,,
PASSERIFORMES: Pachycephalidae,,
Rusty Pitohui,Pseudorectes ferrugineus,
Arafura Shrikethrush,Colluricincla megarhyncha,
Fawn-breasted Whistler,Pachycephala orpheus,Endemic (country/region)
Yellow-throated Whistler,Pachycephala macrorhyncha,
Black-chinned Whistler,Pachycephala mentalis,
Baliem Whistler,Pachycephala balim,
Island Whistler,Pachycephala phaionota,Endemic (country/region)
Gray Whistler,Pachycephala simplex,
Wallacean Whistler,Pachycephala arctitorquis,
Drab Whistler,Pachycephala griseonota,Endemic (country/region)
White-bellied Whistler,Pachycephala leucogastra,
Black-headed Whistler,Pachycephala monacha,
,,
PASSERIFORMES: Oriolidae,,
Southern Variable Pitohui,Pitohui uropygialis,
Timor Oriole,Oriolus melanotis,Endemic (country/region)
Wetar Oriole,Oriolus finschi,Endemic
Buru Oriole,Oriolus bouroensis,Endemic
Tanimbar Oriole,Oriolus decipiens,Endemic
Seram Oriole,Oriolus forsteni,Endemic
Halmahera Oriole,Oriolus phaeochromus,Endemic (country/region)
Olive-backed Oriole,Oriolus sagittatus,
Green Oriole,Oriolus flavocinctus,
Black-naped Oriole,Oriolus chinensis,
Wetar Figbird,Sphecotheres hypoleucus,Endemic
Green Figbird,Sphecotheres viridis,Endemic (country/region)
Australasian Figbird,Sphecotheres vieilloti,
,,
PASSERIFORMES: Machaerirhynchidae,,
Yellow-breasted Boatbill,Machaerirhynchus flaviventer,
,,
PASSERIFORMES: Artamidae,,
White-breasted Woodswallow,Artamus leucorynchus,
Black-faced Woodswallow,Artamus cinereus,
Mountain Peltops,Peltops montanus,
Hooded Butcherbird,Cracticus cassicus,
Black Butcherbird,Melloria quoyi,
,,
PASSERIFORMES: Vangidae,,
Black-winged Flycatcher-shrike,Hemipus hirundinaceus,
,,
PASSERIFORMES: Rhipiduridae,,
Cinnamon-tailed Fantail,Rhipidura fuscorufa,Endemic (country/region)
Northern Fantail,Rhipidura rufiventris,
Sooty Thicket-Fantail,Rhipidura threnothorax,
Black Thicket-Fantail,Rhipidura maculipectus,
Willie-wagtail,Rhipidura leucophrys,
Tawny-backed Fantail,Rhipidura superflua,Endemic
Streak-breasted Fantail,Rhipidura dedemi,Endemic
Long-tailed Fantail,Rhipidura opistherythra,Endemic
Supertramp Fantail,Rhipidura semicollaris,
Gilolo Fantail,Rhipidura torrida,Endemic (country/region)
Chestnut-bellied Fantail,Rhipidura hyperythra,
Mangrove Fantail,Rhipidura phasiana,
,,
PASSERIFORMES: Dicruridae,,
Hair-crested Drongo,Dicrurus hottentottus,
Short-tailed Drongo,Dicrurus striatus,
Wallacean Drongo,Dicrurus densus,Endemic (country/region)
Spangled Drongo,Dicrurus bracteatus,
,,
PASSERIFORMES: Paradisaeidae,,
Halmahera Paradise-crow,Lycocorax pyrrhopterus,
Trumpet Manucode,Phonygammus keraudrenii,
Glossy-mantled Manucode,Manucodia ater,
Standardwing Bird-of-Paradise,Semioptera wallacii,Endemic (country/region)
King Bird-of-Paradise,Cicinnurus regius,
Greater Bird-of-Paradise,Paradisaea apoda,
,,
PASSERIFORMES: Monarchidae,,
White-naped Monarch,Carterornis pileatus,Endemic (country/region)
Loetoe Monarch,Carterornis castus,Endemic
Golden Monarch,Carterornis chrysomela,
Island Monarch,Monarcha cinerascens,
Black-chinned Monarch,Symposiachrus boanensis,Endemic (country/region)
Spectacled Monarch,Symposiachrus trivirgatus,
White-tailed Monarch,Symposiachrus leucurus,Endemic
Black-tipped Monarch,Symposiachrus loricatus,Endemic
Black-bibbed Monarch,Symposiachrus mundus,Endemic (country/region)
Spot-winged Monarch,Symposiachrus guttula,
Frilled Monarch,Arses telescopthalmus,
Magpie-lark,Grallina cyanoleuca,
Moluccan Flycatcher,Myiagra galeata,Endemic (country/region)
Broad-billed Flycatcher,Myiagra ruficollis,
Shining Flycatcher,Myiagra alecto,
,,
PASSERIFORMES: Laniidae,,
Brown Shrike,Lanius cristatus,
Long-tailed Shrike,Lanius schach,
,,
PASSERIFORMES: Corvidae,,
Violet Crow,Corvus violaceus,
Long-billed Crow,Corvus validus,Endemic (country/region)
Brown-headed Crow,Corvus fuscicapillus,Endemic (country/region)
Large-billed Crow,Corvus macrorhynchos,
Torresian Crow,Corvus orru,
,,
PASSERIFORMES: Melanocharitidae,,
Black Berrypecker,Melanocharis nigra,
Yellow-bellied Longbill,Toxorhamphus novaeguineae,
,,
PASSERIFORMES: Petroicidae,,
Olive Flyrobin,Kempiella flavovirescens,
Yellow-legged Flyrobin,Kempiella griseoceps,
Golden-bellied Flyrobin,Microeca hemixantha,Endemic
Papuan Scrub-Robin,Drymodes beccarii,
Mangrove Robin,Melanodryas pulverulenta,
,,
PASSERIFORMES: Paridae,,
Cinereous Tit,Parus cinereus,
,,
PASSERIFORMES: Alaudidae,,
Singing Bushlark,Mirafra javanica,
,,
PASSERIFORMES: Cisticolidae,,
Dark-necked Tailorbird,Orthotomus atrogularis,
Ashy Tailorbird,Orthotomus ruficeps,
Yellow-bellied Prinia,Prinia flaviventris,
Zitting Cisticola,Cisticola juncidis,
Golden-headed Cisticola,Cisticola exilis,
,,
PASSERIFORMES: Acrocephalidae,,
Oriental Reed Warbler,Acrocephalus orientalis,
Clamorous Reed Warbler,Acrocephalus stentoreus,
Australian Reed Warbler,Acrocephalus australis,
,,
PASSERIFORMES: Locustellidae,,
Gray's Grasshopper Warbler,Helopsaltes fasciolatus,
Sakhalin Grasshopper Warbler,Helopsaltes amnicola,
Middendorff's Grasshopper Warbler,Helopsaltes ochotensis,Rare/Accidental
Seram Bush Warbler,Locustella musculus,Endemic
Buru Bush Warbler,Locustella disturbans,Endemic
Buff-banded Bushbird,Cincloramphus bivittatus,Endemic (country/region)
Tawny Grassbird,Cincloramphus timoriensis,
,,
PASSERIFORMES: Hirundinidae,,
Pacific Swallow,Hirundo tahitica,
Barn Swallow,Hirundo rustica,
Red-rumped Swallow,Cecropis daurica,
Striated Swallow,Cecropis striolata,
Tree Martin,Petrochelidon nigricans,
,,
PASSERIFORMES: Pycnonotidae,,
Seram Golden-Bulbul,Hypsipetes affinis,Endemic (country/region)
Halmahera Golden-Bulbul,Hypsipetes chloris,Endemic (country/region)
Buru Golden-Bulbul,Hypsipetes mysticalis,Endemic
Black-headed Bulbul,Microtarsus melanocephalos,
Spectacled Bulbul,Rubigula erythropthalmos,
Cream-vented Bulbul,Pycnonotus simplex,
Olive-winged Bulbul,Pycnonotus plumosus,
Red-eyed Bulbul,Pycnonotus brunneus,
Yellow-vented Bulbul,Pycnonotus goiavier,Introduced species
Sooty-headed Bulbul,Pycnonotus aurigaster,Introduced species
,,
PASSERIFORMES: Phylloscopidae,,
Japanese Leaf Warbler,Phylloscopus xanthodryas,
Arctic Warbler,Phylloscopus borealis,
Kamchatka Leaf Warbler,Phylloscopus examinandus,
Yellow-breasted Warbler,Phylloscopus montis,
Timor Leaf Warbler,Phylloscopus presbytes,Endemic (country/region)
Island Leaf Warbler,Phylloscopus poliocephalus,
,,
PASSERIFORMES: Scotocercidae,,
Timor Stubtail,Urosphena subulata,Endemic (country/region)
Mountain Tailorbird,Phyllergates cucullatus,
Tanimbar Bush Warbler,Horornis carolinae,Endemic
Aberrant Bush Warbler,Horornis flavolivaceus,
,,
PASSERIFORMES: Zosteropidae,,
Gray-hooded White-eye,Heleia pinaiae,Endemic
Timor White-eye,Heleia muelleri,Endemic (country/region)
Rufescent White-eye,Tephrozosterops stalkeri,Endemic
Warbling White-eye,Zosterops japonicus,
Lemon-bellied White-eye,Zosterops chloris,
Cream-throated White-eye,Zosterops atriceps,
Buru White-eye,Zosterops buruensis,Endemic
Seram White-eye,Zosterops stalkeri,Endemic
Javan White-eye,Zosterops flavus,Endemic (country/region)
Ashy-bellied White-eye,Zosterops citrinella,
New Guinea White-eye,Zosterops novaeguineae,
Ambon White-eye,Zosterops kuehni,Endemic (country/region)
Great Kai White-eye,Zosterops grayi,Endemic
Little Kai White-eye,Zosterops uropygialis,Endemic
,,
PASSERIFORMES: Sturnidae,,
Metallic Starling,Aplonis metallica,
Tanimbar Starling,Aplonis crassa,Endemic
Singing Starling,Aplonis cantoroides,
Asian Glossy Starling,Aplonis panayensis,
Moluccan Starling,Aplonis mysolensis,Endemic (country/region)
Short-tailed Starling,Aplonis minor,
Long-crested Myna,Basilornis corythaix,Endemic
Yellow-faced Myna,Mino dumontii,
Pale-bellied Myna,Acridotheres cinereus,Endemic (country/region)
,,
PASSERIFORMES: Turdidae,,
Sunda Thrush,Zoothera andromedae,
Fawn-breasted Thrush,Zoothera machiki,Endemic
Buru Thrush,Geokichla dumasi,Endemic
Seram Thrush,Geokichla joiceyi,Endemic
Chestnut-backed Thrush,Geokichla dohertyi,Endemic (country/region)
Orange-banded Thrush,Geokichla peronii,Endemic (country/region)
Slaty-backed Thrush,Geokichla schistacea,Endemic
Island Thrush,Turdus poliocephalus,
,,
PASSERIFORMES: Muscicapidae,,
Gray-streaked Flycatcher,Muscicapa griseisticta,
Oriental Magpie-Robin,Copsychus saularis,
White-rumped Shama,Copsychus malabaricus,
Timor Blue Flycatcher,Eumyias hyacinthinus,Endemic (country/region)
Buru Jungle Flycatcher,Eumyias additus,Endemic
Turquoise Flycatcher,Eumyias panayensis,
Lesser Shortwing,Brachypteryx leucophris,
Chestnut-naped Forktail,Enicurus ruficapillus,
Snowy-browed Flycatcher,Ficedula hyperythra,
Little Pied Flycatcher,Ficedula westermanni,
Tanimbar Flycatcher,Ficedula riedeli,Endemic
Damar Flycatcher,Ficedula henrici,Endemic
Cinnamon-chested Flycatcher,Ficedula buruensis,Endemic (country/region)
Black-banded Flycatcher,Ficedula timorensis,Endemic (country/region)
Blue Rock-Thrush,Monticola solitarius,
Pied Bushchat,Saxicola caprata,
Timor Bushchat,Saxicola gutturalis,Endemic (country/region)
,,
PASSERIFORMES: Dicaeidae,,
Thick-billed Flowerpecker,Dicaeum agile,
Halmahera Flowerpecker,Dicaeum schistaceiceps,Endemic (country/region)
Buru Flowerpecker,Dicaeum erythrothorax,Endemic
Ashy Flowerpecker,Dicaeum vulneratum,Endemic (country/region)
Olive-crowned Flowerpecker,Dicaeum pectorale,
Red-chested Flowerpecker,Dicaeum maugei,Endemic (country/region)
Blood-breasted Flowerpecker,Dicaeum sanguinolentum,Endemic (country/region)
Pink-breasted Flowerpecker,Dicaeum keiense,
,,
PASSERIFORMES: Nectariniidae,,
Brown-throated Sunbird,Anthreptes malacensis,
Black Sunbird,Leptocoma aspasia,
Ornate Sunbird,Cinnyris ornatus,
Sahul Sunbird,Cinnyris frenatus,
South Moluccan Sunbird,Cinnyris clementiae,
Flame-breasted Sunbird,Cinnyris solaris,Endemic (country/region)
Crimson Sunbird,Aethopyga siparaja,
Little Spiderhunter,Arachnothera longirostra,
,,
PASSERIFORMES: Irenidae,,
Asian Fairy-bluebird,Irena puella,
,,
PASSERIFORMES: Estrildidae,,
Zebra Finch,Taeniopygia guttata,
Timor Sparrow,Padda fuscata,Endemic (country/region)
Scaly-breasted Munia,Lonchura punctulata,
Black-faced Munia,Lonchura molucca,Endemic (country/region)
Dusky Munia,Lonchura fuscans,
Chestnut Munia,Lonchura atricapilla,Introduced species
Pale-headed Munia,Lonchura pallida,Endemic (country/region)
Five-colored Munia,Lonchura quinticolor,Endemic (country/region)
Tawny-breasted Parrotfinch,Erythrura hyperythra,
Tricolored Parrotfinch,Erythrura tricolor,Endemic (country/region)
Blue-faced Parrotfinch,Erythrura trichroa,
Red Avadavat,Amandava amandava,
,,
PASSERIFORMES: Passeridae,,
Eurasian Tree Sparrow,Passer montanus,
,,
PASSERIFORMES: Motacillidae,,
Gray Wagtail,Motacilla cinerea,
Western Yellow Wagtail,Motacilla flava,
Eastern Yellow Wagtail,Motacilla tschutschensis,
Paddyfield Pipit,Anthus rufulus,
Madanga,Anthus ruficollis,Endemic
Pechora Pipit,Anthus gustavi,
Red-throated Pipit,Anthus cervinus,
,,
,,
References (partial list),,
BirdLife International and Handbook of the Birds of the World (2016) Bird species distribution maps of the world. Version 6.0. Available at http://datazone.birdlife.org/species/requestdis http://datazone.birdlife.org/species/requestdis [Species records],,
"BirdLife International and NatureServe (2011) Bird species distribution maps of the world. BirdLife International, Cambridge, UK and NatureServe, Arlington, USA. http://datazone.birdlife.org/species/requestdis [Distribution]",,
"Clements, J. F., P. C. Rasmussen, T. S. Schulenberg, M. J. Iliff, T. A. Fredericks, J. A. Gerbracht, D. Lepage, A. Spencer, S. M. Billerman, B. L. Sullivan, and C. L. Wood. 2023. The eBird/Clements checklist of Birds of the World: v2023. Downloaded from https://www.birds.cornell.edu/clementschecklist/download/ https://www.birds.cornell.edu/clementschecklist/ [Taxonomy]",,
Cornell Lab of Ornithology. 2011-2018. eBird. http://www.ebird.org/ [Species records],,
Cornell Lab of Ornithology. 2011-2018. eBird Basic Dataset (EBD) http://www.ebird.org/ [Species records],,
Cornell Lab of Ornithology. 2011-2018. eBird (sensitive species records). http://www.ebird.org/ [Species records],,
Ed Colijn. 2000. The Birds of Indonesia. http://www.noord.bart.nl/~edcolijn [Species records],,
Facebook Global Rare Bird Alert. https://www.facebook.com/groups/GlobalRBA/ [Species records],,
Mike Tarburton. 2014. Bird Checklists for 610 Melanesian Islands. http://www.birdsofmelanesia.net/ [Species records],,
"Trainor CR. 2007. Birds of Damar Island, Banda Sea, Indonesia. Bull. British Ornithol. Club 127:300-321. https://www.researchgate.net/publication/225291547 [Species records]",,
"van Bemmel, A.C.V. and Voous, K.H., 1953. Supplement to the faunal list of the birds of the Moluccan Islands. Beaufortia, 4(32), pp.1-8. https://repository.naturalis.nl/pub/505031 [Species records]",,
Xeno-canto.org https://xeno-canto.org [Species records],,
,,
"Avibase has been visited 384,173,115 times since 24 June 2003. © Denis Lepage | Privacy policy",,
