CommonName,ScientificName2023,
ANSERIFORMES: Anatidae,,
Bar-headed Goose,Anser indicus,Rare/Accidental
Snow Goose,Anser caerulescens,
Ross's Goose,Anser rossii,Introduced species
Graylag Goose,Anser anser,
Greater White-fronted Goose,Anser albifrons,
Lesser White-fronted Goose,Anser erythropus,
Taiga Bean-Goose,Anser fabalis,
Tundra Bean-Goose,Anser serrirostris,
Pink-footed Goose,Anser brachyrhynchus,
Brant,Branta bernicla,
Barnacle Goose,Branta leucopsis,
Cackling Goose,Branta hutchinsii,Introduced species
Canada Goose,Branta canadensis,
Red-breasted Goose,Branta ruficollis,
Mute Swan,Cygnus olor,
Tundra Swan,Cygnus columbianus,
Whooper Swan,Cygnus cygnus,
Egyptian Goose,Alopochen aegyptiaca,Rare/Accidental
Ruddy Shelduck,Tadorna ferruginea,
Common Shelduck,Tadorna tadorna,
Wood Duck,Aix sponsa,Introduced species
Mandarin Duck,Aix galericulata,Introduced species
Baikal Teal,Sibirionetta formosa,
Garganey,Spatula querquedula,
Blue-winged Teal,Spatula discors,Rare/Accidental
Northern Shoveler,Spatula clypeata,
Gadwall,Mareca strepera,
Falcated Duck,Mareca falcata,Rare/Accidental
Eurasian Wigeon,Mareca penelope,
American Wigeon,Mareca americana,
Mallard,Anas platyrhynchos,
American Black Duck,Anas rubripes,Rare/Accidental
Northern Pintail,Anas acuta,
Green-winged Teal,Anas crecca,
Red-crested Pochard,Netta rufina,
Canvasback,Aythya valisineria,Introduced species
Common Pochard,Aythya ferina,
Ring-necked Duck,Aythya collaris,Rare/Accidental
Ferruginous Duck,Aythya nyroca,
Tufted Duck,Aythya fuligula,
Greater Scaup,Aythya marila,
Lesser Scaup,Aythya affinis,Rare/Accidental
Steller's Eider,Polysticta stelleri,
Spectacled Eider,Somateria fischeri,Rare/Accidental
King Eider,Somateria spectabilis,
Common Eider,Somateria mollissima,
Harlequin Duck,Histrionicus histrionicus,Rare/Accidental
Surf Scoter,Melanitta perspicillata,
Velvet Scoter,Melanitta fusca,
White-winged Scoter,Melanitta deglandi,Rare/Accidental
Stejneger's Scoter,Melanitta stejnegeri,Rare/Accidental
Common Scoter,Melanitta nigra,
Black Scoter,Melanitta americana,Rare/Accidental
Long-tailed Duck,Clangula hyemalis,
Bufflehead,Bucephala albeola,Introduced species
Common Goldeneye,Bucephala clangula,
Barrow's Goldeneye,Bucephala islandica,
Smew,Mergellus albellus,
Hooded Merganser,Lophodytes cucullatus,Rare/Accidental
Common Merganser,Mergus merganser,
Red-breasted Merganser,Mergus serrator,
Ruddy Duck,Oxyura jamaicensis,Rare/Accidental
White-headed Duck,Oxyura leucocephala,Rare/Accidental
,,
GALLIFORMES: Phasianidae,,
Hazel Grouse,Tetrastes bonasia,
Willow Ptarmigan,Lagopus lagopus,
Rock Ptarmigan,Lagopus muta,
Western Capercaillie,Tetrao urogallus,
Black Grouse,Lyrurus tetrix,
Gray Partridge,Perdix perdix,
Ring-necked Pheasant,Phasianus colchicus,Introduced species
Common Quail,Coturnix coturnix,
,,
PHOENICOPTERIFORMES: Phoenicopteridae,,
Greater Flamingo,Phoenicopterus roseus,
Lesser Flamingo,Phoeniconaias minor,Introduced species
,,
PODICIPEDIFORMES: Podicipedidae,,
Little Grebe,Tachybaptus ruficollis,
Pied-billed Grebe,Podilymbus podiceps,Rare/Accidental
Horned Grebe,Podiceps auritus,
Red-necked Grebe,Podiceps grisegena,
Great Crested Grebe,Podiceps cristatus,
Eared Grebe,Podiceps nigricollis,
,,
COLUMBIFORMES: Columbidae,,
Rock Pigeon,Columba livia,
Stock Dove,Columba oenas,
Common Wood-Pigeon,Columba palumbus,
European Turtle-Dove,Streptopelia turtur,
Oriental Turtle-Dove,Streptopelia orientalis,
Eurasian Collared-Dove,Streptopelia decaocto,
Mourning Dove,Zenaida macroura,Rare/Accidental
,,
PTEROCLIFORMES: Pteroclidae,,
Pallas's Sandgrouse,Syrrhaptes paradoxus,
,,
OTIDIFORMES: Otididae,,
Great Bustard,Otis tarda,Rare/Accidental
Macqueen's Bustard,Chlamydotis macqueenii,Rare/Accidental
Little Bustard,Tetrax tetrax,
,,
CUCULIFORMES: Cuculidae,,
Great Spotted Cuckoo,Clamator glandarius,
Yellow-billed Cuckoo,Coccyzus americanus,
Black-billed Cuckoo,Coccyzus erythropthalmus,
Common Cuckoo,Cuculus canorus,
,,
CAPRIMULGIFORMES: Caprimulgidae,,
Red-necked Nightjar,Caprimulgus ruficollis,
Eurasian Nightjar,Caprimulgus europaeus,
Egyptian Nightjar,Caprimulgus aegyptius,
,,
CAPRIMULGIFORMES: Apodidae,,
Chimney Swift,Chaetura pelagica,Rare/Accidental
White-throated Needletail,Hirundapus caudacutus,
Alpine Swift,Tachymarptis melba,
Common Swift,Apus apus,
Pallid Swift,Apus pallidus,
Pacific Swift,Apus pacificus,Rare/Accidental
Little Swift,Apus affinis,Rare/Accidental
White-rumped Swift,Apus caffer,
,,
GRUIFORMES: Rallidae,,
Water Rail,Rallus aquaticus,
Corn Crake,Crex crex,
Sora,Porzana carolina,Rare/Accidental
Spotted Crake,Porzana porzana,
Eurasian Moorhen,Gallinula chloropus,
Eurasian Coot,Fulica atra,
Allen's Gallinule,Porphyrio alleni,Rare/Accidental
Purple Gallinule,Porphyrio martinica,Rare/Accidental
Western Swamphen,Porphyrio porphyrio,
Gray-headed Swamphen,Porphyrio poliocephalus,Rare/Accidental
Little Crake,Zapornia parva,
Baillon's Crake,Zapornia pusilla,
,,
GRUIFORMES: Gruidae,,
Demoiselle Crane,Anthropoides virgo,
Sandhill Crane,Antigone canadensis,Rare/Accidental
Common Crane,Grus grus,
,,
CHARADRIIFORMES: Burhinidae,,
Eurasian Thick-knee,Burhinus oedicnemus,
,,
CHARADRIIFORMES: Recurvirostridae,,
Black-winged Stilt,Himantopus himantopus,
Pied Avocet,Recurvirostra avosetta,
,,
CHARADRIIFORMES: Haematopodidae,,
Eurasian Oystercatcher,Haematopus ostralegus,
,,
CHARADRIIFORMES: Charadriidae,,
Black-bellied Plover,Pluvialis squatarola,
European Golden-Plover,Pluvialis apricaria,
American Golden-Plover,Pluvialis dominica,
Pacific Golden-Plover,Pluvialis fulva,Rare/Accidental
Eurasian Dotterel,Eudromias morinellus,
Killdeer,Charadrius vociferus,
Common Ringed Plover,Charadrius hiaticula,
Semipalmated Plover,Charadrius semipalmatus,Rare/Accidental
Little Ringed Plover,Charadrius dubius,
Northern Lapwing,Vanellus vanellus,
Spur-winged Lapwing,Vanellus spinosus,Introduced species
Gray-headed Lapwing,Vanellus cinereus,Rare/Accidental
Sociable Lapwing,Vanellus gregarius,Rare/Accidental
White-tailed Lapwing,Vanellus leucurus,Rare/Accidental
Caspian Plover,Anarhynchus asiaticus,Rare/Accidental
Oriental Plover,Anarhynchus veredus,Rare/Accidental
Siberian Sand-Plover,Anarhynchus mongolus,Rare/Accidental
Tibetan Sand-Plover,Anarhynchus atrifrons,Rare/Accidental
Greater Sand-Plover,Anarhynchus leschenaultii,
Kittlitz's Plover,Anarhynchus pecuarius,Rare/Accidental
Kentish Plover,Anarhynchus alexandrinus,
,,
CHARADRIIFORMES: Scolopacidae,,
Upland Sandpiper,Bartramia longicauda,Rare/Accidental
Whimbrel,Numenius phaeopus,
Little Curlew,Numenius minutus,
Eurasian Curlew,Numenius arquata,
Bar-tailed Godwit,Limosa lapponica,
Black-tailed Godwit,Limosa limosa,
Hudsonian Godwit,Limosa haemastica,Rare/Accidental
Short-billed Dowitcher,Limnodromus griseus,Rare/Accidental
Long-billed Dowitcher,Limnodromus scolopaceus,Rare/Accidental
Jack Snipe,Lymnocryptes minimus,
Eurasian Woodcock,Scolopax rusticola,
Great Snipe,Gallinago media,
Common Snipe,Gallinago gallinago,
Wilson's Snipe,Gallinago delicata,Rare/Accidental
Wilson's Phalarope,Phalaropus tricolor,
Red Phalarope,Phalaropus fulicarius,
Red-necked Phalarope,Phalaropus lobatus,
Terek Sandpiper,Xenus cinereus,
Common Sandpiper,Actitis hypoleucos,
Spotted Sandpiper,Actitis macularius,Rare/Accidental
Green Sandpiper,Tringa ochropus,
Solitary Sandpiper,Tringa solitaria,Rare/Accidental
Gray-tailed Tattler,Tringa brevipes,Rare/Accidental
Marsh Sandpiper,Tringa stagnatilis,
Wood Sandpiper,Tringa glareola,
Common Redshank,Tringa totanus,
Lesser Yellowlegs,Tringa flavipes,Rare/Accidental
Willet,Tringa semipalmata,Rare/Accidental
Spotted Redshank,Tringa erythropus,
Common Greenshank,Tringa nebularia,
Greater Yellowlegs,Tringa melanoleuca,Rare/Accidental
Ruddy Turnstone,Arenaria interpres,
Great Knot,Calidris tenuirostris,Rare/Accidental
Red Knot,Calidris canutus,
Ruff,Calidris pugnax,
Broad-billed Sandpiper,Calidris falcinellus,
Sharp-tailed Sandpiper,Calidris acuminata,Rare/Accidental
Curlew Sandpiper,Calidris ferruginea,
Stilt Sandpiper,Calidris himantopus,Rare/Accidental
Temminck's Stint,Calidris temminckii,
Long-toed Stint,Calidris subminuta,Rare/Accidental
Red-necked Stint,Calidris ruficollis,
Buff-breasted Sandpiper,Calidris subruficollis,
Sanderling,Calidris alba,
Dunlin,Calidris alpina,
Purple Sandpiper,Calidris maritima,
Baird's Sandpiper,Calidris bairdii,Rare/Accidental
Little Stint,Calidris minuta,
White-rumped Sandpiper,Calidris fuscicollis,Rare/Accidental
Least Sandpiper,Calidris minutilla,Rare/Accidental
Pectoral Sandpiper,Calidris melanotos,
Western Sandpiper,Calidris mauri,Rare/Accidental
Semipalmated Sandpiper,Calidris pusilla,Rare/Accidental
,,
CHARADRIIFORMES: Glareolidae,,
Cream-colored Courser,Cursorius cursor,Rare/Accidental
Oriental Pratincole,Glareola maldivarum,Rare/Accidental
Black-winged Pratincole,Glareola nordmanni,
Collared Pratincole,Glareola pratincola,
,,
CHARADRIIFORMES: Stercorariidae,,
Long-tailed Jaeger,Stercorarius longicaudus,
Parasitic Jaeger,Stercorarius parasiticus,
Pomarine Jaeger,Stercorarius pomarinus,
Great Skua,Stercorarius skua,
,,
CHARADRIIFORMES: Alcidae,,
Tufted Puffin,Fratercula cirrhata,Rare/Accidental
Atlantic Puffin,Fratercula arctica,
Horned Puffin,Fratercula corniculata,Rare/Accidental
Parakeet Auklet,Aethia psittacula,Rare/Accidental
Long-billed Murrelet,Brachyramphus perdix,Rare/Accidental
Black Guillemot,Cepphus grylle,
Razorbill,Alca torda,
Great Auk,Pinguinus impennis,Rare/Accidental
Dovekie,Alle alle,
Thick-billed Murre,Uria lomvia,
Common Murre,Uria aalge,
Ancient Murrelet,Synthliboramphus antiquus,Rare/Accidental
,,
CHARADRIIFORMES: Laridae,,
Little Gull,Hydrocoloeus minutus,
Ross's Gull,Rhodostethia rosea,
Black-legged Kittiwake,Rissa tridactyla,
Ivory Gull,Pagophila eburnea,
Sabine's Gull,Xema sabini,
Slender-billed Gull,Chroicocephalus genei,Rare/Accidental
Bonaparte's Gull,Chroicocephalus philadelphia,
Black-headed Gull,Chroicocephalus ridibundus,
Laughing Gull,Leucophaeus atricilla,
Franklin's Gull,Leucophaeus pipixcan,Rare/Accidental
Pallas's Gull,Ichthyaetus ichthyaetus,Rare/Accidental
Audouin's Gull,Ichthyaetus audouinii,Rare/Accidental
Mediterranean Gull,Ichthyaetus melanocephalus,
White-eyed Gull,Ichthyaetus leucophthalmus,Rare/Accidental
Common Gull,Larus canus,
Short-billed Gull,Larus brachyrhynchus,
Ring-billed Gull,Larus delawarensis,
Caspian Gull,Larus cachinnans,Rare/Accidental
Herring Gull,Larus argentatus,
Yellow-legged Gull,Larus michahellis,
Armenian Gull,Larus armenicus,Rare/Accidental
Great Black-backed Gull,Larus marinus,
Glaucous Gull,Larus hyperboreus,
Lesser Black-backed Gull,Larus fuscus,
Glaucous-winged Gull,Larus glaucescens,Rare/Accidental
Slaty-backed Gull,Larus schistisagus,Rare/Accidental
Iceland Gull,Larus glaucoides,
Sooty Tern,Onychoprion fuscatus,
Bridled Tern,Onychoprion anaethetus,
Little Tern,Sternula albifrons,
Gull-billed Tern,Gelochelidon nilotica,
Caspian Tern,Hydroprogne caspia,
Whiskered Tern,Chlidonias hybrida,
Black Tern,Chlidonias niger,
White-winged Tern,Chlidonias leucopterus,
Forster's Tern,Sterna forsteri,Rare/Accidental
Arctic Tern,Sterna paradisaea,
Common Tern,Sterna hirundo,
Roseate Tern,Sterna dougallii,Rare/Accidental
Sandwich Tern,Thalasseus sandvicensis,
Elegant Tern,Thalasseus elegans,Rare/Accidental
West African Crested Tern,Thalasseus albididorsalis,
,,
GAVIIFORMES: Gaviidae,,
Red-throated Loon,Gavia stellata,
Arctic Loon,Gavia arctica,
Pacific Loon,Gavia pacifica,Rare/Accidental
Common Loon,Gavia immer,
Yellow-billed Loon,Gavia adamsii,
,,
PROCELLARIIFORMES: Diomedeidae,,
Tristan Albatross,Diomedea dabbenena,Rare/Accidental
Atlantic Yellow-nosed Albatross,Thalassarche chlororhynchos,Rare/Accidental
Black-browed Albatross,Thalassarche melanophris,Rare/Accidental
,,
PROCELLARIIFORMES: Oceanitidae,,
Wilson's Storm-Petrel,Oceanites oceanicus,
,,
PROCELLARIIFORMES: Hydrobatidae,,
European Storm-Petrel,Hydrobates pelagicus,
Leach's Storm-Petrel,Hydrobates leucorhous,
Swinhoe's Storm-Petrel,Hydrobates monorhis,Rare/Accidental
,,
PROCELLARIIFORMES: Procellariidae,,
Northern Fulmar,Fulmarus glacialis,
Cape Petrel,Daption capense,Rare/Accidental
Fea's Petrel,Pterodroma feae,Rare/Accidental
Bulwer's Petrel,Bulweria bulwerii,Rare/Accidental
Cory's Shearwater,Calonectris diomedea,Rare/Accidental
Great Shearwater,Ardenna gravis,Rare/Accidental
Sooty Shearwater,Ardenna grisea,
Manx Shearwater,Puffinus puffinus,
Yelkouan Shearwater,Puffinus yelkouan,Rare/Accidental
Balearic Shearwater,Puffinus mauretanicus,Rare/Accidental
Barolo Shearwater,Puffinus baroli,Rare/Accidental
Audubon's Shearwater,Puffinus lherminieri,Rare/Accidental
,,
CICONIIFORMES: Ciconiidae,,
Black Stork,Ciconia nigra,
White Stork,Ciconia ciconia,
,,
SULIFORMES: Fregatidae,,
Magnificent Frigatebird,Fregata magnificens,Rare/Accidental
,,
SULIFORMES: Sulidae,,
Northern Gannet,Morus bassanus,
Red-footed Booby,Sula sula,Rare/Accidental
Brown Booby,Sula leucogaster,Rare/Accidental
,,
SULIFORMES: Phalacrocoracidae,,
Pygmy Cormorant,Microcarbo pygmaeus,Rare/Accidental
Great Cormorant,Phalacrocorax carbo,
European Shag,Gulosus aristotelis,
,,
PELECANIFORMES: Pelecanidae,,
Great White Pelican,Pelecanus onocrotalus,
Dalmatian Pelican,Pelecanus crispus,
,,
PELECANIFORMES: Ardeidae,,
Great Bittern,Botaurus stellaris,
American Bittern,Botaurus lentiginosus,Rare/Accidental
Little Bittern,Ixobrychus minutus,
Black-crowned Night Heron,Nycticorax nycticorax,
Little Egret,Egretta garzetta,
Striated Heron,Butorides striata,Introduced species
Squacco Heron,Ardeola ralloides,Rare/Accidental
Chinese Pond-Heron,Ardeola bacchus,
Western Cattle Egret,Bubulcus ibis,
Eastern Cattle Egret,Bubulcus coromandus,Rare/Accidental
Great Egret,Ardea alba,
Gray Heron,Ardea cinerea,
Purple Heron,Ardea purpurea,
,,
PELECANIFORMES: Threskiornithidae,,
Glossy Ibis,Plegadis falcinellus,
Northern Bald Ibis,Geronticus eremita,Rare/Accidental
Eurasian Spoonbill,Platalea leucorodia,
,,
ACCIPITRIFORMES: Pandionidae,,
Osprey,Pandion haliaetus,
,,
ACCIPITRIFORMES: Accipitridae,,
Black-winged Kite,Elanus caeruleus,Rare/Accidental
Bearded Vulture,Gypaetus barbatus,Introduced species
Egyptian Vulture,Neophron percnopterus,
European Honey-buzzard,Pernis apivorus,
Oriental Honey-buzzard,Pernis ptilorhynchus,Rare/Accidental
Cinereous Vulture,Aegypius monachus,
Rüppell's Griffon,Gyps rueppelli,Introduced species
Eurasian Griffon,Gyps fulvus,Rare/Accidental
Short-toed Snake-Eagle,Circaetus gallicus,
Lesser Spotted Eagle,Clanga pomarina,
Greater Spotted Eagle,Clanga clanga,
Booted Eagle,Hieraaetus pennatus,
Steppe Eagle,Aquila nipalensis,
Imperial Eagle,Aquila heliaca,Rare/Accidental
Golden Eagle,Aquila chrysaetos,
Bonelli's Eagle,Aquila fasciata,
Western Marsh Harrier,Circus aeruginosus,
Hen Harrier,Circus cyaneus,
Northern Harrier,Circus hudsonius,Rare/Accidental
Pallid Harrier,Circus macrourus,
Montagu's Harrier,Circus pygargus,
Eurasian Sparrowhawk,Accipiter nisus,
Eurasian Goshawk,Accipiter gentilis,
Red Kite,Milvus milvus,
Black Kite,Milvus migrans,
Pallas's Fish-Eagle,Haliaeetus leucoryphus,Rare/Accidental
White-tailed Eagle,Haliaeetus albicilla,
Swainson's Hawk,Buteo swainsoni,Introduced species
Rough-legged Hawk,Buteo lagopus,
Common Buzzard,Buteo buteo,
Long-legged Buzzard,Buteo rufinus,
,,
STRIGIFORMES: Tytonidae,,
Barn Owl,Tyto alba,
,,
STRIGIFORMES: Strigidae,,
Eurasian Scops-Owl,Otus scops,
Snowy Owl,Bubo scandiacus,
Eurasian Eagle-Owl,Bubo bubo,
Northern Hawk Owl,Surnia ulula,
Eurasian Pygmy-Owl,Glaucidium passerinum,
Little Owl,Athene noctua,
Tawny Owl,Strix aluco,
Ural Owl,Strix uralensis,
Great Gray Owl,Strix nebulosa,
Long-eared Owl,Asio otus,
Short-eared Owl,Asio flammeus,
Boreal Owl,Aegolius funereus,
,,
BUCEROTIFORMES: Upupidae,,
Eurasian Hoopoe,Upupa epops,
,,
CORACIIFORMES: Alcedinidae,,
Common Kingfisher,Alcedo atthis,
,,
CORACIIFORMES: Meropidae,,
Blue-cheeked Bee-eater,Merops persicus,
European Bee-eater,Merops apiaster,
,,
CORACIIFORMES: Coraciidae,,
European Roller,Coracias garrulus,
,,
PICIFORMES: Picidae,,
Eurasian Wryneck,Jynx torquilla,
Eurasian Three-toed Woodpecker,Picoides tridactylus,
Middle Spotted Woodpecker,Dendrocoptes medius,
White-backed Woodpecker,Dendrocopos leucotos,
Great Spotted Woodpecker,Dendrocopos major,
Lesser Spotted Woodpecker,Dryobates minor,
Gray-headed Woodpecker,Picus canus,
Eurasian Green Woodpecker,Picus viridis,
Black Woodpecker,Dryocopus martius,
Northern Flicker,Colaptes auratus,Rare/Accidental
,,
FALCONIFORMES: Falconidae,,
Lesser Kestrel,Falco naumanni,Rare/Accidental
Eurasian Kestrel,Falco tinnunculus,
American Kestrel,Falco sparverius,Rare/Accidental
Red-footed Falcon,Falco vespertinus,
Amur Falcon,Falco amurensis,Rare/Accidental
Eleonora's Falcon,Falco eleonorae,Rare/Accidental
Merlin,Falco columbarius,
Eurasian Hobby,Falco subbuteo,
Lanner Falcon,Falco biarmicus,Introduced species
Saker Falcon,Falco cherrug,Rare/Accidental
Gyrfalcon,Falco rusticolus,
Peregrine Falcon,Falco peregrinus,
,,
PASSERIFORMES: Tyrannidae,,
Acadian Flycatcher,Empidonax virescens,Rare/Accidental
Alder Flycatcher,Empidonax alnorum,Rare/Accidental
,,
PASSERIFORMES: Vireonidae,,
Red-eyed Vireo,Vireo olivaceus,Rare/Accidental
,,
PASSERIFORMES: Oriolidae,,
Eurasian Golden Oriole,Oriolus oriolus,
,,
PASSERIFORMES: Dicruridae,,
Ashy Drongo,Dicrurus leucophaeus,Introduced species
,,
PASSERIFORMES: Laniidae,,
Red-backed Shrike,Lanius collurio,
Red-tailed Shrike,Lanius phoenicuroides,
Isabelline Shrike,Lanius isabellinus,Rare/Accidental
Brown Shrike,Lanius cristatus,
Long-tailed Shrike,Lanius schach,Rare/Accidental
Northern Shrike,Lanius borealis,Rare/Accidental
Great Gray Shrike,Lanius excubitor,
Lesser Gray Shrike,Lanius minor,
Masked Shrike,Lanius nubicus,Rare/Accidental
Woodchat Shrike,Lanius senator,
,,
PASSERIFORMES: Corvidae,,
Siberian Jay,Perisoreus infaustus,
Eurasian Jay,Garrulus glandarius,
Eurasian Magpie,Pica pica,
Eurasian Nutcracker,Nucifraga caryocatactes,
Yellow-billed Chough,Pyrrhocorax graculus,Rare/Accidental
Eurasian Jackdaw,Corvus monedula,
Daurian Jackdaw,Corvus dauuricus,Rare/Accidental
Rook,Corvus frugilegus,
Carrion Crow,Corvus corone,
Hooded Crow,Corvus cornix,
Common Raven,Corvus corax,
,,
PASSERIFORMES: Paridae,,
Coal Tit,Periparus ater,
Crested Tit,Lophophanes cristatus,
Marsh Tit,Poecile palustris,
Willow Tit,Poecile montanus,
Gray-headed Chickadee,Poecile cinctus,
Eurasian Blue Tit,Cyanistes caeruleus,
Azure Tit,Cyanistes cyanus,
Great Tit,Parus major,
,,
PASSERIFORMES: Remizidae,,
Eurasian Penduline-Tit,Remiz pendulinus,
,,
PASSERIFORMES: Alaudidae,,
Horned Lark,Eremophila alpestris,
Greater Short-toed Lark,Calandrella brachydactyla,
Bimaculated Lark,Melanocorypha bimaculata,Rare/Accidental
Calandra Lark,Melanocorypha calandra,
Black Lark,Melanocorypha yeltoniensis,Rare/Accidental
Mediterranean Short-toed Lark,Alaudala rufescens,Rare/Accidental
Turkestan Short-toed Lark,Alaudala heinei,Rare/Accidental
Wood Lark,Lullula arborea,
White-winged Lark,Alauda leucoptera,
Eurasian Skylark,Alauda arvensis,
Crested Lark,Galerida cristata,
,,
PASSERIFORMES: Panuridae,,
Bearded Reedling,Panurus biarmicus,
,,
PASSERIFORMES: Cisticolidae,,
Zitting Cisticola,Cisticola juncidis,Rare/Accidental
,,
PASSERIFORMES: Acrocephalidae,,
Thick-billed Warbler,Arundinax aedon,Rare/Accidental
Booted Warbler,Iduna caligata,
Sykes's Warbler,Iduna rama,Rare/Accidental
Eastern Olivaceous Warbler,Iduna pallida,
Western Olivaceous Warbler,Iduna opaca,Rare/Accidental
Melodious Warbler,Hippolais polyglotta,
Icterine Warbler,Hippolais icterina,
Aquatic Warbler,Acrocephalus paludicola,
Moustached Warbler,Acrocephalus melanopogon,Rare/Accidental
Sedge Warbler,Acrocephalus schoenobaenus,
Paddyfield Warbler,Acrocephalus agricola,
Blyth's Reed Warbler,Acrocephalus dumetorum,Rare/Accidental
Marsh Warbler,Acrocephalus palustris,
Common Reed Warbler,Acrocephalus scirpaceus,
Great Reed Warbler,Acrocephalus arundinaceus,
,,
PASSERIFORMES: Locustellidae,,
Gray's Grasshopper Warbler,Helopsaltes fasciolatus,Rare/Accidental
Pallas's Grasshopper Warbler,Helopsaltes certhiola,
Lanceolated Warbler,Locustella lanceolata,
River Warbler,Locustella fluviatilis,
Savi's Warbler,Locustella luscinioides,
Common Grasshopper Warbler,Locustella naevia,
,,
PASSERIFORMES: Hirundinidae,,
Bank Swallow,Riparia riparia,
Eurasian Crag-Martin,Ptyonoprogne rupestris,
Barn Swallow,Hirundo rustica,
Western House-Martin,Delichon urbicum,
Red-rumped Swallow,Cecropis daurica,
Cliff Swallow,Petrochelidon pyrrhonota,Rare/Accidental
,,
PASSERIFORMES: Phylloscopidae,,
Wood Warbler,Phylloscopus sibilatrix,
Western Bonelli's Warbler,Phylloscopus bonelli,
Eastern Bonelli's Warbler,Phylloscopus orientalis,Rare/Accidental
Yellow-browed Warbler,Phylloscopus inornatus,
Hume's Warbler,Phylloscopus humei,Rare/Accidental
Pallas's Leaf Warbler,Phylloscopus proregulus,
Radde's Warbler,Phylloscopus schwarzi,
Sulphur-bellied Warbler,Phylloscopus griseolus,Rare/Accidental
Dusky Warbler,Phylloscopus fuscatus,
Plain Leaf Warbler,Phylloscopus neglectus,Rare/Accidental
Willow Warbler,Phylloscopus trochilus,
Common Chiffchaff,Phylloscopus collybita,
Iberian Chiffchaff,Phylloscopus ibericus,Rare/Accidental
Eastern Crowned Warbler,Phylloscopus coronatus,Rare/Accidental
Green Warbler,Phylloscopus nitidus,
Greenish Warbler,Phylloscopus trochiloides,
Two-barred Warbler,Phylloscopus plumbeitarsus,Rare/Accidental
Arctic Warbler,Phylloscopus borealis,
Kamchatka Leaf Warbler,Phylloscopus examinandus,Rare/Accidental
,,
PASSERIFORMES: Scotocercidae,,
Cetti's Warbler,Cettia cetti,Rare/Accidental
,,
PASSERIFORMES: Aegithalidae,,
Long-tailed Tit,Aegithalos caudatus,
,,
PASSERIFORMES: Sylviidae,,
Eurasian Blackcap,Sylvia atricapilla,
Garden Warbler,Sylvia borin,
Barred Warbler,Curruca nisoria,
Lesser Whitethroat,Curruca curruca,
Western Orphean Warbler,Curruca hortensis,Rare/Accidental
Eastern Orphean Warbler,Curruca crassirostris,Rare/Accidental
African Desert Warbler,Curruca deserti,
Asian Desert Warbler,Curruca nana,
Rüppell's Warbler,Curruca ruppeli,Rare/Accidental
Sardinian Warbler,Curruca melanocephala,
Moltoni's Warbler,Curruca subalpina,Rare/Accidental
Western Subalpine Warbler,Curruca iberiae,Rare/Accidental
Eastern Subalpine Warbler,Curruca cantillans,Rare/Accidental
Greater Whitethroat,Curruca communis,
Marmora's Warbler,Curruca sarda,Rare/Accidental
Dartford Warbler,Curruca undata,Rare/Accidental
,,
PASSERIFORMES: Regulidae,,
Goldcrest,Regulus regulus,
Common Firecrest,Regulus ignicapilla,
,,
PASSERIFORMES: Sittidae,,
Eurasian Nuthatch,Sitta europaea,
,,
PASSERIFORMES: Certhiidae,,
Eurasian Treecreeper,Certhia familiaris,
Short-toed Treecreeper,Certhia brachydactyla,
,,
PASSERIFORMES: Troglodytidae,,
Eurasian Wren,Troglodytes troglodytes,
,,
PASSERIFORMES: Cinclidae,,
White-throated Dipper,Cinclus cinclus,
,,
PASSERIFORMES: Sturnidae,,
European Starling,Sturnus vulgaris,
Spotless Starling,Sturnus unicolor,Rare/Accidental
Rosy Starling,Pastor roseus,
Daurian Starling,Agropsar sturninus,Rare/Accidental
,,
PASSERIFORMES: Turdidae,,
White's Thrush,Zoothera aurea,Rare/Accidental
Scaly Thrush,Zoothera dauma,
Veery,Catharus fuscescens,Rare/Accidental
Gray-cheeked Thrush,Catharus minimus,
Swainson's Thrush,Catharus ustulatus,Rare/Accidental
Hermit Thrush,Catharus guttatus,Rare/Accidental
Siberian Thrush,Geokichla sibirica,
Mistle Thrush,Turdus viscivorus,
Song Thrush,Turdus philomelos,
Redwing,Turdus iliacus,
Eurasian Blackbird,Turdus merula,
American Robin,Turdus migratorius,
Eyebrowed Thrush,Turdus obscurus,
Fieldfare,Turdus pilaris,
Ring Ouzel,Turdus torquatus,
Black-throated Thrush,Turdus atrogularis,Rare/Accidental
Red-throated Thrush,Turdus ruficollis,Rare/Accidental
Dusky Thrush,Turdus eunomus,
Naumann's Thrush,Turdus naumanni,Rare/Accidental
,,
PASSERIFORMES: Muscicapidae,,
Dark-sided Flycatcher,Muscicapa sibirica,Rare/Accidental
Asian Brown Flycatcher,Muscicapa dauurica,
Spotted Flycatcher,Muscicapa striata,
Rufous-tailed Scrub-Robin,Cercotrichas galactotes,
European Robin,Erithacus rubecula,
Rufous-tailed Robin,Larvivora sibilans,Rare/Accidental
White-throated Robin,Irania gutturalis,Rare/Accidental
Thrush Nightingale,Luscinia luscinia,
Common Nightingale,Luscinia megarhynchos,
Bluethroat,Luscinia svecica,
Siberian Rubythroat,Calliope calliope,Rare/Accidental
Red-flanked Bluetail,Tarsiger cyanurus,Rare/Accidental
Mugimaki Flycatcher,Ficedula mugimaki,Rare/Accidental
Taiga Flycatcher,Ficedula albicilla,Rare/Accidental
Red-breasted Flycatcher,Ficedula parva,
European Pied Flycatcher,Ficedula hypoleuca,
Collared Flycatcher,Ficedula albicollis,
Common Redstart,Phoenicurus phoenicurus,
Black Redstart,Phoenicurus ochruros,
Daurian Redstart,Phoenicurus auroreus,Introduced species
Rufous-tailed Rock-Thrush,Monticola saxatilis,
Blue Rock-Thrush,Monticola solitarius,Rare/Accidental
Whinchat,Saxicola rubetra,
European Stonechat,Saxicola rubicola,
Siberian Stonechat,Saxicola maurus,Rare/Accidental
Amur Stonechat,Saxicola stejnegeri,Rare/Accidental
African Stonechat,Saxicola torquatus,
Pied Bushchat,Saxicola caprata,Rare/Accidental
Northern Wheatear,Oenanthe oenanthe,
Isabelline Wheatear,Oenanthe isabellina,
Desert Wheatear,Oenanthe deserti,
Western Black-eared Wheatear,Oenanthe hispanica,Rare/Accidental
Eastern Black-eared Wheatear,Oenanthe melanoleuca,Rare/Accidental
Pied Wheatear,Oenanthe pleschanka,
Black Wheatear,Oenanthe leucura,Rare/Accidental
White-crowned Wheatear,Oenanthe leucopyga,Rare/Accidental
,,
PASSERIFORMES: Bombycillidae,,
Bohemian Waxwing,Bombycilla garrulus,
Cedar Waxwing,Bombycilla cedrorum,Rare/Accidental
,,
PASSERIFORMES: Prunellidae,,
Alpine Accentor,Prunella collaris,
Siberian Accentor,Prunella montanella,Rare/Accidental
Black-throated Accentor,Prunella atrogularis,Rare/Accidental
Dunnock,Prunella modularis,
,,
PASSERIFORMES: Passeridae,,
House Sparrow,Passer domesticus,
Spanish Sparrow,Passer hispaniolensis,
Eurasian Tree Sparrow,Passer montanus,
White-winged Snowfinch,Montifringilla nivalis,Rare/Accidental
,,
PASSERIFORMES: Motacillidae,,
Gray Wagtail,Motacilla cinerea,
Western Yellow Wagtail,Motacilla flava,
Eastern Yellow Wagtail,Motacilla tschutschensis,Rare/Accidental
Citrine Wagtail,Motacilla citreola,
White Wagtail,Motacilla alba,
Richard's Pipit,Anthus richardi,
Blyth's Pipit,Anthus godlewskii,Rare/Accidental
Tawny Pipit,Anthus campestris,
Meadow Pipit,Anthus pratensis,
Tree Pipit,Anthus trivialis,
Olive-backed Pipit,Anthus hodgsoni,
Pechora Pipit,Anthus gustavi,
Red-throated Pipit,Anthus cervinus,
Water Pipit,Anthus spinoletta,
Rock Pipit,Anthus petrosus,
American Pipit,Anthus rubescens,Rare/Accidental
,,
PASSERIFORMES: Fringillidae,,
Common Chaffinch,Fringilla coelebs,
Brambling,Fringilla montifringilla,
Evening Grosbeak,Coccothraustes vespertinus,
Hawfinch,Coccothraustes coccothraustes,
Common Rosefinch,Carpodacus erythrinus,
Pine Grosbeak,Pinicola enucleator,
Eurasian Bullfinch,Pyrrhula pyrrhula,
Trumpeter Finch,Bucanetes githagineus,Rare/Accidental
Mongolian Finch,Bucanetes mongolicus,Rare/Accidental
European Greenfinch,Chloris chloris,
Twite,Linaria flavirostris,
Eurasian Linnet,Linaria cannabina,
Common Redpoll,Acanthis flammea,
Lesser Redpoll,Acanthis cabaret,
Hoary Redpoll,Acanthis hornemanni,
Parrot Crossbill,Loxia pytyopsittacus,
Red Crossbill,Loxia curvirostra,
White-winged Crossbill,Loxia leucoptera,
European Goldfinch,Carduelis carduelis,
European Serin,Serinus serinus,
Eurasian Siskin,Spinus spinus,
,,
PASSERIFORMES: Calcariidae,,
Lapland Longspur,Calcarius lapponicus,
Snow Bunting,Plectrophenax nivalis,
,,
PASSERIFORMES: Emberizidae,,
Black-headed Bunting,Emberiza melanocephala,
Red-headed Bunting,Emberiza bruniceps,Rare/Accidental
Corn Bunting,Emberiza calandra,
Chestnut-eared Bunting,Emberiza fucata,Rare/Accidental
Rock Bunting,Emberiza cia,Rare/Accidental
Meadow Bunting,Emberiza cioides,Introduced species
Cirl Bunting,Emberiza cirlus,
Yellowhammer,Emberiza citrinella,
Pine Bunting,Emberiza leucocephalos,
Gray-necked Bunting,Emberiza buchanani,Rare/Accidental
Cinereous Bunting,Emberiza cineracea,
Ortolan Bunting,Emberiza hortulana,
Cretzschmar's Bunting,Emberiza caesia,Rare/Accidental
Pallas's Bunting,Emberiza pallasi,
Reed Bunting,Emberiza schoeniclus,
Yellow-breasted Bunting,Emberiza aureola,
Little Bunting,Emberiza pusilla,
Rustic Bunting,Emberiza rustica,
Black-faced Bunting,Emberiza spodocephala,Rare/Accidental
Chestnut Bunting,Emberiza rutila,
Yellow-browed Bunting,Emberiza chrysophrys,Rare/Accidental
,,
PASSERIFORMES: Passerellidae,,
American Tree Sparrow,Spizelloides arborea,Rare/Accidental
Dark-eyed Junco,Junco hyemalis,Rare/Accidental
White-crowned Sparrow,Zonotrichia leucophrys,Rare/Accidental
White-throated Sparrow,Zonotrichia albicollis,Rare/Accidental
Savannah Sparrow,Passerculus sandwichensis,Rare/Accidental
Song Sparrow,Melospiza melodia,Rare/Accidental
,,
PASSERIFORMES: Icteridae,,
Yellow-headed Blackbird,Xanthocephalus xanthocephalus,Rare/Accidental
Bobolink,Dolichonyx oryzivorus,Rare/Accidental
Baltimore Oriole,Icterus galbula,Rare/Accidental
Brown-headed Cowbird,Molothrus ater,Rare/Accidental
Common Grackle,Quiscalus quiscula,Rare/Accidental
,,
PASSERIFORMES: Parulidae,,
Ovenbird,Seiurus aurocapilla,Rare/Accidental
Black-and-white Warbler,Mniotilta varia,Rare/Accidental
Common Yellowthroat,Geothlypis trichas,Rare/Accidental
Cape May Warbler,Setophaga tigrina,Rare/Accidental
Bay-breasted Warbler,Setophaga castanea,Rare/Accidental
Yellow Warbler,Setophaga petechia,Rare/Accidental
Blackpoll Warbler,Setophaga striata,Rare/Accidental
Yellow-rumped Warbler,Setophaga coronata,Rare/Accidental
,,
PASSERIFORMES: Cardinalidae,,
Rose-breasted Grosbeak,Pheucticus ludovicianus,Rare/Accidental
Blue Grosbeak,Passerina caerulea,Rare/Accidental
Indigo Bunting,Passerina cyanea,Rare/Accidental
Dickcissel,Spiza americana,Rare/Accidental
,,
,,
References (partial list),,
Anton M (2021). Data collected on citizen science web portal www.ornitho.cat. Version 2.21. ICO-Institut Català d'Ornitologia (Catalan Ornithological Institute). Occurrence dataset https://doi.org/10.15470/dijq3a accessed via GBIF.org on 2021-07-26. https://doi.org/10.15470/dijq3a [Species records],,
Birdguides.com https://www.birdguides.com/articles/ [Species records],,
Christiansøs Naturvidenskabelige Feltstation. 2015. Fugleliste for Ertholmene. http://www.chnf.dk/fugle/artsliste_chroe.php [Species records],,
"Clements, J. F., P. C. Rasmussen, T. S. Schulenberg, M. J. Iliff, T. A. Fredericks, J. A. Gerbracht, D. Lepage, A. Spencer, S. M. Billerman, B. L. Sullivan, and C. L. Wood. 2023. The eBird/Clements checklist of Birds of the World: v2023. Downloaded from https://www.birds.cornell.edu/clementschecklist/download/ https://www.birds.cornell.edu/clementschecklist/ [Taxonomy]",,
Cornell Lab of Ornithology. 2011-2018. eBird. http://www.ebird.org/ [Species records],,
Cornell Lab of Ornithology. 2011-2018. eBird Basic Dataset (EBD) http://www.ebird.org/ [Species records],,
Data obtained from Observation.org. http://observation.org [Species records],,
"del Hoyo, Josep (ed.), Elliott, A (ed.), Sargatal, J (ed.) (vol. 1–7), and Christie, DA (ed.) (vol. 8–16). 1992–2013. Handbook of the Birds of the World. Lynx Edicions. http://www.hbw.com/ [Species records]",,
"Dickinson, E.C. 2003. The Howard & Moore Complete Checklist of the Birds of the World. 3rd Edition, Princeton University Press. [Species records]",,
Facebook Global Rare Bird Alert. https://www.facebook.com/groups/GlobalRBA/ [Species records],,
Gedser Fuglestation. https://www.gedserfuglestation.dk/ [Species records],,
"Gill, F and D Donsker (Eds). 2012. IOC World Bird Names (version 3.01). Available at http://www.worldbirdnames.org/ http://worldbirdnames.org/ [Species records]",,
"Howard, Richard & Alick Moore (1991) A Complete Checklist of the Birds of the World. 360 p. [Species records]",,
https://www.dutchbirdalerts.nl/ [Species records],,
https://www.ornitho.at/ [Species records],,
https://www.trektellen.nl/ [Species records],,
"James F. Clements. 2000 and revisions. Birds of the World - A Checklist. 5th edition. Ibis Publishing Company, 2000. [Species records]",,
"Joe Hobbs. 2021. Nearctic Passerines in the Western Palearctic, v.2.1 - Joe HobbsPage 1A List of Nearctic Passerines Recorded in the Western Palearctic. https://www.dutchbirding.nl/static/references/nearcticPassersWP-v2.1.pdf [Species records]",,
Lynx edition. 2017-2018. First Country Reports. http://www.hbw.com/news/first-country-reports [Species records],,
Norsk Ornitologisk Forening. 2011. Norgeslisten. http://www.birdlife.no/organisasjonen/nskf/norgeslisten.php [Species records],,
Norsk Ornitologisk Forening. 2012. Rapportsystemet for fugler. http://artsobservasjoner.no/fugler/ [Species records],,
Ottenby fågelstation artlista. 2011. http://www.sofnet.org/ottenbyfagelstation/ringmarkning-observationer/artlista/ [Species records],,
"Peters, J. L. 1931-1987. Check-list of Birds of the World. 15 vols. + Index. Harvard Press. http://www.biodiversitylibrary.org/bibliography/14581 [Species records]",,
Tarsiger.com. Western Palearctic Bird News. http://www.tarsiger.com/news/index.php?sp=wp&lang=eng [Species records],,
Ueda K (2021). iNaturalist Research-grade Observations. iNaturalist.org. Occurrence dataset https://doi.org/10.15468/ab3s5x accessed via GBIF.org on 2021-08-15. https://inaturalist.org [Species records],,
Xeno-canto.org https://xeno-canto.org [Species records],,
,,
"Avibase has been visited 384,153,810 times since 24 June 2003. © Denis Lepage | Privacy policy",,
